State,Covered Entity Type,Individuals Affected,Breach Submission Date,Type of Breach,Location of Breached Information,Latitude ,Longitude,Year
CT,website,6372,07/27/2010,Other,Paper/Films,,,2010
SC,website,2850,04/22/2010,poor security,Paper/Films,,,2010
TX,Gaming,4083,05/25/2010,poor security,Paper/Films,,,2010
OH,Retail,1200,07/23/2010,poor security,Paper/Films,,,2010
MO,Gaming,1907,8/9/10,poor security,Paper/Films,,,2010
IL,Gaming,967,09/24/2010,poor security,Paper/Films,,,2010
MA,Retail,11000,10/1/10,poor security,Paper/Films,,,2010
TN,Gaming,8200,11/30/2010,poor security,Paper/Films,,,2010
OH,Gaming,1000,12/21/2010,poor security,Paper/Films,,,2010
SC,Gaming,2717,4/12/11,poor security,Paper/Films,,,2011
VA,Gaming,700,07/22/2011,poor security,Paper/Films,,,2011
IL,Retail,2000,12/9/11,poor security,Paper/Films,,,2011
IN,Gaming,1000,4/12/12,poor security,Paper/Films,,,2012
TX,Gaming,1000,04/16/2012,poor security,Paper/Films,,,2012
AL,Gaming,1655,5/4/12,poor security,Paper/Films,,,2012
IA,website,3000,5/11/12,poor security,Paper/Films,,,2012
GA,Retail,13074,10/8/12,poor security,Paper/Films,,,2012
OH,Gaming,500,10/29/2012,poor security,Paper/Films,,,2012
NC,Gaming,1100,11/29/2012,poor security,Paper/Films,,,2012
NV,Gaming,1483,1/8/13,poor security,Paper/Films,,,2013
LA,Retail,16988,01/31/2013,poor security,Paper/Films,,,2013
TX,Retail,189489,5/7/13,poor security,Paper/Films,,,2013
WA,Gaming,750,5/7/13,poor security,Paper/Films,,,2013
NY,Gaming,1586,10/4/13,poor security,Paper/Films,,,2013
CO,Gaming,606,10/14/2013,poor security,Paper/Films,,,2013
FL,Retail,603,10/29/2013,poor security,Paper/Films,,,2013
CA,Gaming,3534,3/4/14,poor security,Paper/Films,,,2014
MO,Gaming,1376,08/26/2014,poor security,Paper/Films,,,2014
MN,Gaming,1778,11/25/2014,poor security,Paper/Films,,,2014
MS,Gaming,19000,2/4/15,poor security,Paper/Films,,,2015
OH,Gaming,5000,2/5/15,poor security,Paper/Films,,,2015
TX,Gaming,1430,04/28/2010,poor security,Paper/Films,,,2010
AZ,Gaming,2000,6/9/11,poor security,Paper/Films,,,2011
OK,Gaming,1950,11/29/2010,poor security,Paper/Films,,,2010
CA,Retail,49714,08/15/2014,poor security,Paper/Films,,,2014
NC,Gaming,17300,04/30/2013,poor security,Paper/Films,,,2013
KY,Gaming,727,10/22/2014,poor security,Paper/Films,,,2014
IL,Gaming,6800,4/5/10,Loss,Paper/Films,,,2010
,Retail,716,11/2/10,Loss,Paper/Films,,,2010
MN,Gaming,1215,04/14/2011,Loss,Paper/Films,,,2011
CA,Retail,1192,6/10/11,Loss,Paper/Films,,,2011
IL,Gaming,518,09/23/2011,Loss,Paper/Films,,,2011
MA,Gaming,6831,4/6/12,Loss,Paper/Films,,,2012
TN,website,1102,05/31/2012,Loss,Paper/Films,,,2012
CO,Gaming,6262,11/7/12,Loss,Paper/Films,,,2012
CA,Retail,14829,04/29/2013,Loss,Paper/Films,,,2013
CA,Retail,4718,7/10/13,Loss,Paper/Films,,,2013
CA,Retail,1674,12/20/2013,Loss,Paper/Films,,,2013
FL,Gaming,13074,2/12/14,Loss,Paper/Films,,,2014
KS,Gaming,979,4/9/14,Loss,Paper/Films,,,2014
CT,Retail,527,4/9/14,Loss,Paper/Films,,,2014
OH,Gaming,617,04/18/2014,Loss,Paper/Films,,,2014
PA,Gaming,1845,04/29/2014,Loss,Paper/Films,,,2014
OH,Gaming,605,8/6/14,Loss,Paper/Films,,,2014
WY,Gaming,1607,12/1/14,Loss,Paper/Films,,,2014
IL,Retail,680,2/9/15,Loss,Paper/Films,,,2015
NC,Gaming,955,2/9/15,Loss,Paper/Films,,,2015
KS,Gaming,4668,3/3/15,Loss,Paper/Films,,,2015
IN,Gaming,650,03/20/2015,Loss,Paper/Films,,,2015
MA,Gaming,2473,03/20/2015,Loss,Paper/Films,,,2015
FL,Gaming,627,03/24/2015,Loss,Paper/Films,,,2015
OH,Gaming,2584,04/23/2015,Loss,Paper/Films,,,2015
KS,Gaming,864,04/28/2015,Loss,Paper/Films,,,2015
IL,Gaming,1138,5/1/15,Loss,Paper/Films,,,2015
CA,Gaming,1339,5/6/15,Loss,Paper/Films,,,2015
UT,Gaming,2600,03/22/2013,Loss,Paper/Films,,,2013
PA,Gaming,8000,4/2/10,Loss,Paper/Films,,,2010
IL,Gaming,657,8/5/10,Loss,Paper/Films,,,2010
MA,Retail,10000,08/15/2014,Loss,Paper/Films,,,2014
VA,Retail,83000,12/8/09,Other,Paper/Films,,,2009
RI,Retail,528,02/16/2010,Other,Paper/Films,,,2010
FL,Gaming,3800,03/17/2010,Other,Paper/Films,,,2010
GA,Retail,660,4/9/10,Other,Paper/Films,,,2010
NY,Gaming,2628,05/20/2010,Other,Paper/Films,,,2010
MN,website,16291,6/4/10,Other,Paper/Films,,,2010
CA,Gaming,1000,06/29/2010,Other,Paper/Films,,,2010
FL,Gaming,2047,7/8/10,Other,Paper/Films,,,2010
MN,Retail,1097,07/17/2010,Other,Paper/Films,,,2010
SC,Retail,1270,09/20/2010,Other,Paper/Films,,,2010
PA,Gaming,2900,12/7/11,Other,Paper/Films,,,2011
CA,website,11081,12/17/2011,Other,Paper/Films,,,2011
CA,Retail,1700,01/13/2012,Other,Paper/Films,,,2012
CA,website,11646,01/19/2012,Other,Paper/Films,,,2012
MN,website,6678,2/1/12,Other,Paper/Films,,,2012
CA,Gaming,1366,2/8/12,Other,Paper/Films,,,2012
KY,Gaming,1182,3/6/12,Other,Paper/Films,,,2012
IL,Retail,3482,03/23/2012,Other,Paper/Films,,,2012
AR,website,2863,12/20/2012,Other,Paper/Films,,,2012
FL,Gaming,566,02/13/2013,Other,Paper/Films,,,2013
IN,Retail,187533,7/1/13,Other,Paper/Films,,,2013
CA,website,8331,7/2/13,Other,Paper/Films,,,2013
IL,Retail,3133,7/8/13,Other,Paper/Films,,,2013
CA,Gaming,1033,08/16/2013,Other,Paper/Films,,,2013
FL,Gaming,1471,08/22/2013,Other,Paper/Films,,,2013
WA,Gaming,1015,10/3/13,Other,Paper/Films,,,2013
TX,website,6284,11/1/13,Other,Paper/Films,,,2013
IL,Gaming,17350,12/6/13,Other,Paper/Films,,,2013
TX,website,2826,12/21/2013,Other,Paper/Films,,,2013
NC,Gaming,1683,12/23/2013,Other,Paper/Films,,,2013
MI,Retail,3000,1/6/14,Other,Paper/Films,,,2014
IL,Gaming,836,4/4/14,Other,Paper/Films,,,2014
NV,Retail,4744,5/10/14,Other,Paper/Films,,,2014
IL,Gaming,160000,12/15/2014,Other,Paper/Films,,,2014
CA,Retail,1368,2/12/13,Theft,Paper/Films,,,2013
ND,Gaming,2000,11/12/13,Theft,Paper/Films,,,2013
VA,Retail,1444,01/23/2012,Theft,Paper/Films,,,2012
IL,website,754,08/21/2012,Theft,Paper/Films,,,2012
FL,Gaming,64846,9/7/12,Theft,Paper/Films,,,2012
WA,website,3104,2/11/14,Theft,Paper/Films,,,2014
RI,Gaming,2082,03/29/2013,Theft,Paper/Films,,,2013
TX,Gaming,1000,10/21/2009,Theft,Paper/Films,,,2009
DC,Retail,3400,1/8/10,Theft,Paper/Films,,,2010
MD,Retail,15000,1/11/10,Theft,Paper/Films,,,2010
PR,Retail,1907,02/17/2010,Theft,Paper/Films,,,2010
PR,Retail,605,02/17/2010,Theft,Paper/Films,,,2010
TN,website,3900,02/19/2010,Theft,Paper/Films,,,2010
NY,Gaming,500,02/25/2010,Theft,Paper/Films,,,2010
NC,Gaming,554,3/3/10,Theft,Paper/Films,,,2010
RI,website,12000,04/21/2010,Theft,Paper/Films,,,2010
CO,Gaming,649,5/5/10,Theft,Paper/Films,,,2010
FL,Gaming,568,5/5/10,Theft,Paper/Films,,,2010
NY,Retail,2631,07/30/2010,Theft,Paper/Films,,,2010
NC,Gaming,1590,07/30/2010,Theft,Paper/Films,,,2010
MA,Retail,24750,08/25/2010,Theft,Paper/Films,,,2010
NV,Gaming,507,9/10/10,Theft,Paper/Films,,,2010
RI,Gaming,1361,9/10/10,Theft,Paper/Films,,,2010
CA,Gaming,33000,09/17/2010,Theft,Paper/Films,,,2010
KY,Gaming,2200,10/5/10,Theft,Paper/Films,,,2010
FL,Gaming,1500,11/16/2010,Theft,Paper/Films,,,2010
MD,Retail,800,12/29/2010,Theft,Paper/Films,,,2010
CO,Gaming,546,2/7/11,Theft,Paper/Films,,,2011
WA,Gaming,3100,2/9/11,Theft,Paper/Films,,,2011
AZ,Gaming,566,04/14/2011,Theft,Paper/Films,,,2011
PA,Gaming,1388,5/9/11,Theft,Paper/Films,,,2011
NY,Retail,550,05/19/2011,Theft,Paper/Films,,,2011
PR,Gaming,6006,05/26/2011,Theft,Paper/Films,,,2011
GA,Gaming,7500,07/15/2011,Theft,Paper/Films,,,2011
IL,website,501,07/28/2011,Theft,Paper/Films,,,2011
CA,Gaming,1800,9/7/11,Theft,Paper/Films,,,2011
PR,Gaming,2000,09/13/2011,Theft,Paper/Films,,,2011
TX,Gaming,2541,09/14/2011,Theft,Paper/Films,,,2011
MS,Gaming,1797,09/20/2011,Theft,Paper/Films,,,2011
NY,Gaming,2600,09/26/2011,Theft,Paper/Films,,,2011
TN,Gaming,731,09/28/2011,Theft,Paper/Films,,,2011
FL,Gaming,2200,10/25/2011,Theft,Paper/Films,,,2011
MI,Retail,1100,10/28/2011,Theft,Paper/Films,,,2011
NM,website,1537,11/13/2011,Theft,Paper/Films,,,2011
NE,Gaming,611,12/9/11,Theft,Paper/Films,,,2011
NH,Gaming,771,01/16/2012,Theft,Paper/Films,,,2012
NJ,Gaming,1287,02/13/2012,Theft,Paper/Films,,,2012
CA,Gaming,1431,3/12/12,Theft,Paper/Films,,,2012
CA,website,875,03/14/2012,Theft,Paper/Films,,,2012
CA,Gaming,712,03/29/2012,Theft,Paper/Films,,,2012
TX,Gaming,502,4/4/12,Theft,Paper/Films,,,2012
FL,Gaming,750,04/23/2012,Theft,Paper/Films,,,2012
OR,Gaming,550,04/26/2012,Theft,Paper/Films,,,2012
TX,Gaming,750,5/3/12,Theft,Paper/Films,,,2012
WV,Gaming,2905,5/10/12,Theft,Paper/Films,,,2012
CA,Gaming,745,05/23/2012,Theft,Paper/Films,,,2012
FL,Gaming,1409,06/14/2012,Theft,Paper/Films,,,2012
IL,Gaming,1500,7/12/12,Theft,Paper/Films,,,2012
IA,Gaming,1298,07/16/2012,Theft,Paper/Films,,,2012
IL,Gaming,1240,07/30/2012,Theft,Paper/Films,,,2012
NJ,Gaming,638,10/23/2012,Theft,Paper/Films,,,2012
RI,Gaming,955,10/26/2012,Theft,Paper/Films,,,2012
IL,Retail,508,11/2/12,Theft,Paper/Films,,,2012
GA,Gaming,1306,11/27/2012,Theft,Paper/Films,,,2012
FL,Gaming,4907,12/7/12,Theft,Paper/Films,,,2012
AZ,Gaming,35488,12/21/2012,Theft,Paper/Films,,,2012
NY,website,1771,1/2/13,Theft,Paper/Films,,,2013
NY,Retail,725,01/22/2013,Theft,Paper/Films,,,2013
WI,Gaming,2400,01/25/2013,Theft,Paper/Films,,,2013
CA,website,686,02/25/2013,Theft,Paper/Films,,,2013
OH,Retail,2261,3/1/13,Theft,Paper/Films,,,2013
PA,Gaming,527,3/4/13,Theft,Paper/Films,,,2013
TX,Gaming,554,4/5/13,Theft,Paper/Films,,,2013
MO,Gaming,589,4/11/13,Theft,Paper/Films,,,2013
NC,Gaming,1093,06/14/2013,Theft,Paper/Films,,,2013
FL,Gaming,5200,06/24/2013,Theft,Paper/Films,,,2013
AZ,Retail,4305,7/2/13,Theft,Paper/Films,,,2013
OH,Gaming,2203,7/3/13,Theft,Paper/Films,,,2013
MN,Gaming,2764,7/10/13,Theft,Paper/Films,,,2013
PA,Gaming,2350,10/3/13,Theft,Paper/Films,,,2013
VA,Retail,25513,1/10/14,Theft,Paper/Films,,,2014
CT,Gaming,858,01/16/2014,Theft,Paper/Films,,,2014
MT,Gaming,543,03/24/2014,Theft,Paper/Films,,,2014
VA,Retail,75026,4/10/14,Theft,Paper/Films,,,2014
AL,Gaming,629,04/25/2014,Theft,Paper/Films,,,2014
IL,Retail,5696,04/30/2014,Theft,Paper/Films,,,2014
PA,Retail,2589,7/8/14,Theft,Paper/Films,,,2014
PA,Gaming,661,07/16/2014,Theft,Paper/Films,,,2014
WA,Gaming,522,07/30/2014,Theft,Paper/Films,,,2014
CA,Gaming,500,08/18/2014,Theft,Paper/Films,,,2014
GA,Gaming,2350,08/25/2014,Theft,Paper/Films,,,2014
TN,Retail,566,9/4/14,Theft,Paper/Films,,,2014
TN,Retail,800,9/12/14,Theft,Paper/Films,,,2014
NY,Gaming,20000,10/22/2014,Theft,Paper/Films,,,2014
OR,Gaming,1740,10/29/2014,Theft,Paper/Films,,,2014
CA,Retail,2691,11/14/2014,Theft,Paper/Films,,,2014
PA,Gaming,860,11/19/2014,Theft,Paper/Films,,,2014
TX,Gaming,4920,01/16/2015,Theft,Paper/Films,,,2015
CA,Gaming,1342,3/5/15,Theft,Paper/Films,,,2015
MI,website,3903,03/17/2015,Theft,Paper/Films,,,2015
CA,Gaming,826,4/2/15,Theft,Paper/Films,,,2015
CA,Gaming,880,04/29/2015,Theft,Paper/Films,,,2015
AZ,Gaming,654,5/11/11,Theft,Paper/Films,,,2011
PA,Retail,579,09/28/2011,Theft,Paper/Films,,,2011
CA,Retail,700,10/7/11,Theft,Paper/Films,,,2011
IN,Gaming,1423,01/26/2012,Theft,Paper/Films,,,2012
MI,Gaming,1087,03/13/2014,Theft,Paper/Films,,,2014
GA,Retail,2523,04/17/2014,Theft,Paper/Films,,,2014
NJ,Gaming,2828,5/9/14,Theft,Paper/Films,,,2014
VA,Gaming,568,10/10/14,Theft,Paper/Films,,,2014
IN,Gaming,845,11/12/10,Unauthorized Access/Disclosure,Paper/Films,,,2010
CA,Gaming,771,11/25/2010,Unauthorized Access/Disclosure,Paper/Films,,,2010
MI,Retail,9475,12/3/10,Unauthorized Access/Disclosure,Paper/Films,,,2010
AZ,Retail,4500,3/1/11,Unauthorized Access/Disclosure,Paper/Films,,,2011
MD,Retail,765,03/18/2011,Unauthorized Access/Disclosure,Paper/Films,,,2011
WV,Gaming,1470,03/30/2011,Unauthorized Access/Disclosure,Paper/Films,,,2011
AL,Retail,13412,05/25/2011,Unauthorized Access/Disclosure,Paper/Films,,,2011
WV,Gaming,950,06/16/2011,Unauthorized Access/Disclosure,Paper/Films,,,2011
CA,website,694,06/29/2011,Unauthorized Access/Disclosure,Paper/Films,,,2011
AL,Gaming,880,7/8/11,Unauthorized Access/Disclosure,Paper/Films,,,2011
TX,Retail,4573,07/22/2011,Unauthorized Access/Disclosure,Paper/Films,,,2011
UT,Retail,1378,07/22/2011,Unauthorized Access/Disclosure,Paper/Films,,,2011
CA,Gaming,1500,07/29/2011,Unauthorized Access/Disclosure,Paper/Films,,,2011
WA,website,3950,8/9/11,Unauthorized Access/Disclosure,Paper/Films,,,2011
TN,website,1770,11/28/2011,Unauthorized Access/Disclosure,Paper/Films,,,2011
DC,Gaming,1549,02/15/2012,Unauthorized Access/Disclosure,Paper/Films,,,2012
MI,Retail,555,4/10/12,Unauthorized Access/Disclosure,Paper/Films,,,2012
CA,Gaming,1370,11/29/2012,Unauthorized Access/Disclosure,Paper/Films,,,2012
OH,Retail,635,1/8/13,Unauthorized Access/Disclosure,Paper/Films,,,2013
AZ,website,852,1/8/13,Unauthorized Access/Disclosure,Paper/Films,,,2013
MA,Retail,3667,02/19/2013,Unauthorized Access/Disclosure,Paper/Films,,,2013
TX,Gaming,697,03/22/2013,Unauthorized Access/Disclosure,Paper/Films,,,2013
CA,Retail,2400,03/29/2013,Unauthorized Access/Disclosure,Paper/Films,,,2013
PA,Retail,3794,4/5/13,Unauthorized Access/Disclosure,Paper/Films,,,2013
OR,Gaming,959,06/14/2013,Unauthorized Access/Disclosure,Paper/Films,,,2013
MO,Retail,1357,08/13/2013,Unauthorized Access/Disclosure,Paper/Films,,,2013
MO,Retail,25461,09/20/2013,Unauthorized Access/Disclosure,Paper/Films,,,2013
TN,Retail,4330,10/4/13,Unauthorized Access/Disclosure,Paper/Films,,,2013
NC,website,687,11/7/13,Unauthorized Access/Disclosure,Paper/Films,,,2013
PR,Retail,13336,11/8/13,Unauthorized Access/Disclosure,Paper/Films,,,2013
OH,Retail,1420,01/27/2014,Unauthorized Access/Disclosure,Paper/Films,,,2014
FL,Retail,580,03/31/2014,Unauthorized Access/Disclosure,Paper/Films,,,2014
TN,Gaming,1144,04/14/2014,Unauthorized Access/Disclosure,Paper/Films,,,2014
DC,Retail,2200,04/24/2014,Unauthorized Access/Disclosure,Paper/Films,,,2014
IA,website,862,04/25/2014,Unauthorized Access/Disclosure,Paper/Films,,,2014
PR,website,11531,05/18/2014,Unauthorized Access/Disclosure,Paper/Films,,,2014
PR,website,56853,05/29/2014,Unauthorized Access/Disclosure,Paper/Films,,,2014
CA,Gaming,592,7/4/14,Unauthorized Access/Disclosure,Paper/Films,,,2014
IN,Retail,63325,7/9/14,Unauthorized Access/Disclosure,Paper/Films,,,2014
MN,website,500,07/17/2014,Unauthorized Access/Disclosure,Paper/Films,,,2014
NY,website,802,08/27/2014,Unauthorized Access/Disclosure,Paper/Films,,,2014
GA,Gaming,10000,9/4/14,Unauthorized Access/Disclosure,Paper/Films,,,2014
IN,website,1464,9/8/14,Unauthorized Access/Disclosure,Paper/Films,,,2014
SC,Gaming,3637,9/10/14,Unauthorized Access/Disclosure,Paper/Films,,,2014
IL,Gaming,1866,9/10/14,Unauthorized Access/Disclosure,Paper/Films,,,2014
NM,Gaming,2657,09/18/2014,Unauthorized Access/Disclosure,Paper/Films,,,2014
PA,Retail,1667,10/7/14,Unauthorized Access/Disclosure,Paper/Films,,,2014
TX,Gaming,4000,10/9/14,Unauthorized Access/Disclosure,Paper/Films,,,2014
NC,Gaming,1872,10/9/14,Unauthorized Access/Disclosure,Paper/Films,,,2014
NY,Gaming,10058,10/10/14,Unauthorized Access/Disclosure,Paper/Films,,,2014
TX,Retail,4469,11/25/2014,Unauthorized Access/Disclosure,Paper/Films,,,2014
MD,website,630,01/29/2015,Unauthorized Access/Disclosure,Paper/Films,,,2015
IN,Gaming,63325,02/27/2015,Unauthorized Access/Disclosure,Paper/Films,,,2015
OR,Gaming,2207,3/5/15,Unauthorized Access/Disclosure,Paper/Films,,,2015
FL,Gaming,1406,03/20/2015,Unauthorized Access/Disclosure,Paper/Films,,,2015
CO,Gaming,508,4/2/15,Unauthorized Access/Disclosure,Paper/Films,,,2015
TN,website,862,4/2/15,Unauthorized Access/Disclosure,Paper/Films,,,2015
GA,website,958,4/2/15,Unauthorized Access/Disclosure,Paper/Films,,,2015
MN,Gaming,838,4/6/15,Unauthorized Access/Disclosure,Paper/Films,,,2015
IL,Gaming,2984,04/13/2015,Unauthorized Access/Disclosure,Paper/Films,,,2015
OH,Gaming,2000,04/27/2015,Unauthorized Access/Disclosure,Paper/Films,,,2015
GA,website,6166,05/15/2015,Unauthorized Access/Disclosure,Paper/Films,,,2015
IL,Gaming,8300,05/21/2015,Unauthorized Access/Disclosure,Paper/Films,,,2015
NY,Gaming,3403,05/22/2015,Unauthorized Access/Disclosure,Paper/Films,,,2015
WA,website,2700,6/8/11,Other,Paper/Films,,,2011
MO,Gaming,1288,06/23/2011,Other,Paper/Films,,,2011
NC,Gaming,551,10/28/2011,Other,Paper/Films,,,2011
IL,Gaming,1300,01/28/2010,Theft,Paper/Films,,,2010
MN,website,735,04/27/2010,Theft,Paper/Films,,,2010
FL,Gaming,8000,5/11/11,Theft,Paper/Films,,,2011
MD,Gaming,5000,11/3/11,Theft,Paper/Films,,,2011
PA,Gaming,2345,6/3/15,Theft,Paper/Films,,,2015
NY,Gaming,7448,3/11/15,Unauthorized Access/Disclosure,Paper/Films,,,2015
MD,Gaming,500,6/9/15,Unauthorized Access/Disclosure,Paper/Films,,,2015
TX,Gaming,3800,01/18/2010,Loss,Portable Electronic Device,,,2010
TN,Gaming,1711,08/16/2010,Loss,Portable Electronic Device,,,2010
NY,Gaming,1200,08/27/2010,Loss,Portable Electronic Device,,,2010
PA,website,808,12/30/2010,Loss,Portable Electronic Device,,,2010
TX,Retail,16200,01/18/2011,Loss,Portable Electronic Device,,,2011
AZ,Gaming,2291,02/21/2011,Loss,Portable Electronic Device,,,2011
MI,Gaming,2777,02/23/2011,Loss,Portable Electronic Device,,,2011
VA,Retail,4000,09/22/2011,Loss,Portable Electronic Device,,,2011
CT,Retail,1631,10/3/11,Loss,Portable Electronic Device,,,2011
CA,Retail,29000,7/6/10,Loss,Portable Electronic Device,,,2010
KY,Gaming,24600,12/29/2010,Loss,Portable Electronic Device,,,2010
TX,Gaming,9922,02/13/2011,Loss,Portable Electronic Device,,,2011
KY,Gaming,1986,6/2/11,Loss,Portable Electronic Device,,,2011
GA,Retail,11440,8/5/10,Other,Portable Electronic Device,,,2010
AK,Gaming,501,10/30/2009,Theft,Portable Electronic Device,,,2009
CA,Gaming,15500,1/12/10,Theft,Portable Electronic Device,,,2010
TX,Gaming,21000,3/10/10,Theft,Portable Electronic Device,,,2010
KY,Gaming,5148,04/26/2010,Theft,Portable Electronic Device,,,2010
IL,Retail,180111,04/29/2010,Theft,Portable Electronic Device,,,2010
NY,Gaming,800,7/7/10,Theft,Portable Electronic Device,,,2010
NM,Gaming,1000,08/25/2010,Theft,Portable Electronic Device,,,2010
NY,Retail,956,08/26/2010,Theft,Portable Electronic Device,,,2010
AK,Retail,2000,09/22/2010,Theft,Portable Electronic Device,,,2010
CA,Retail,1474,09/23/2010,Theft,Portable Electronic Device,,,2010
CA,Retail,1474,09/23/2010,Theft,Portable Electronic Device,,,2010
AR,Gaming,1000,10/18/2010,Theft,Portable Electronic Device,,,2010
CA,Gaming,1250,12/22/2010,Theft,Portable Electronic Device,,,2010
AL,Gaming,2000,12/30/2010,Theft,Portable Electronic Device,,,2010
WA,Gaming,12009,01/21/2011,Theft,Portable Electronic Device,,,2011
TX,Gaming,8241,01/25/2011,Theft,Portable Electronic Device,,,2011
FL,Retail,2700,02/15/2011,Theft,Portable Electronic Device,,,2011
AZ,Gaming,635,03/31/2011,Theft,Portable Electronic Device,,,2011
,Retail,10000,4/4/11,Theft,Portable Electronic Device,,,2011
OR,Retail,17000,6/8/11,Theft,Portable Electronic Device,,,2011
SC,Gaming,1280,6/9/11,Theft,Portable Electronic Device,,,2011
WA,Gaming,1105,06/17/2011,Theft,Portable Electronic Device,,,2011
NJ,Retail,8795,8/8/11,Theft,Portable Electronic Device,,,2011
GA,Gaming,63425,08/15/2011,Theft,Portable Electronic Device,,,2011
NJ,Retail,32008,08/18/2011,Theft,Portable Electronic Device,,,2011
IN,Gaming,2059,9/8/11,Theft,Portable Electronic Device,,,2011
MA,Gaming,2200,10/7/11,Theft,Portable Electronic Device,,,2011
TX,Gaming,567,10/31/2011,Theft,Portable Electronic Device,,,2011
CA,,2761,11/4/11,Theft,Portable Electronic Device,,,2011
PR,Financial,115000,11/9/10,Unauthorized Access/Disclosure,Portable Electronic Device,,,2010
WA,Gaming,2000,01/29/2015,Theft,Portable Electronic Device,,,2015
TX,Financial,2260,03/17/2014,poor security,Portable Electronic Device,,,2014
NY,Gaming,857,9/7/10,Loss,Portable Electronic Device,,,2010
IA,Gaming,19222,9/11/10,Loss,Portable Electronic Device,,,2010
KY,Gaming,878,11/23/2011,Loss,Portable Electronic Device,,,2011
LA,Gaming,2088,02/20/2012,Loss,Portable Electronic Device,,,2012
AZ,Gaming,9565,4/9/12,Loss,Portable Electronic Device,,,2012
CA,Gaming,3900,05/14/2012,Loss,Portable Electronic Device,,,2012
GA,Gaming,824,6/4/12,Loss,Portable Electronic Device,,,2012
NC,Gaming,2917,07/17/2012,Loss,Portable Electronic Device,,,2012
TX,Gaming,2264,08/17/2012,Loss,Portable Electronic Device,,,2012
NV,Financial,5713,09/14/2012,Loss,Portable Electronic Device,,,2012
TX,Gaming,5748,11/16/2012,Loss,Portable Electronic Device,,,2012
VA,Gaming,1846,11/30/2012,Loss,Portable Electronic Device,,,2012
MA,Financial,6332,3/6/13,Loss,Portable Electronic Device,,,2013
NY,Gaming,537,5/6/13,Loss,Portable Electronic Device,,,2013
NE,Gaming,2125,06/26/2013,Loss,Portable Electronic Device,,,2013
NY,Gaming,2700,07/20/2013,Loss,Portable Electronic Device,,,2013
NY,Gaming,610,10/21/2013,Loss,Portable Electronic Device,,,2013
PA,Gaming,1167,11/1/13,Loss,Portable Electronic Device,,,2013
NY,Gaming,2279,11/13/2013,Loss,Portable Electronic Device,,,2013
CA,Gaming,1039,11/19/2013,Loss,Portable Electronic Device,,,2013
CA,Gaming,49000,11/22/2013,Loss,Portable Electronic Device,,,2013
NY,Financial,9642,12/12/13,Loss,Portable Electronic Device,,,2013
NY,Gaming,2172,01/22/2014,Loss,Portable Electronic Device,,,2014
WI,Financial,41437,01/30/2014,Loss,Portable Electronic Device,,,2014
TX,Gaming,3598,01/31/2014,Loss,Portable Electronic Device,,,2014
FL,Gaming,586,03/24/2014,Loss,Portable Electronic Device,,,2014
CA,Gaming,793,04/14/2014,Loss,Portable Electronic Device,,,2014
NY,Gaming,914,9/9/14,Loss,Portable Electronic Device,,,2014
TX,website,507,10/28/2014,Loss,Portable Electronic Device,,,2014
VA,Gaming,5534,03/27/2014,Loss,Portable Electronic Device,,,2014
TX,Gaming,3200,08/19/2013,Loss,Portable Electronic Device,,,2013
CA,Gaming,33702,06/13/2014,Loss,Portable Electronic Device,,,2014
MN,Financial,2533,07/13/2012,Loss,Portable Electronic Device,,,2012
MI,Gaming,10000,12/15/2009,Theft,Portable Electronic Device,,,2009
AZ,Gaming,2773,4/1/10,Theft,Portable Electronic Device,,,2010
NY,Gaming,2563,7/7/10,Theft,Portable Electronic Device,,,2010
VA,Gaming,669,07/15/2010,Theft,Portable Electronic Device,,,2010
NY,Financial,3630,08/26/2010,Theft,Portable Electronic Device,,,2010
MA,Gaming,638,8/3/11,Theft,Portable Electronic Device,,,2011
FL,Gaming,1219,01/30/2012,Theft,Portable Electronic Device,,,2012
TX,Gaming,1972,03/16/2012,Theft,Portable Electronic Device,,,2012
FL,Gaming,2557,6/4/12,Theft,Portable Electronic Device,,,2012
IN,Gaming,55000,08/28/2012,Theft,Portable Electronic Device,,,2012
VA,Gaming,4873,09/13/2012,Theft,Portable Electronic Device,,,2012
KY,Gaming,2376,10/12/12,Theft,Portable Electronic Device,,,2012
CT,Gaming,14511,11/21/2012,Theft,Portable Electronic Device,,,2012
MA,Gaming,716,02/14/2013,Theft,Portable Electronic Device,,,2013
NY,Financial,28187,3/1/13,Theft,Portable Electronic Device,,,2013
AZ,Gaming,3800,5/1/13,Theft,Portable Electronic Device,,,2013
PA,Financial,22000,5/7/13,Theft,Portable Electronic Device,,,2013
WI,Gaming,9328,11/18/2013,Theft,Portable Electronic Device,,,2013
KY,Gaming,535,12/10/13,Theft,Portable Electronic Device,,,2013
CA,Gaming,4676,2/5/14,Theft,Portable Electronic Device,,,2014
CA,Gaming,5499,03/28/2014,Theft,Portable Electronic Device,,,2014
MI,website,2595,4/3/14,Theft,Portable Electronic Device,,,2014
PR,Financial,7911,04/15/2014,Theft,Portable Electronic Device,,,2014
ID,Gaming,6900,04/18/2014,Theft,Portable Electronic Device,,,2014
KY,website,2962,05/23/2014,Theft,Portable Electronic Device,,,2014
NC,Gaming,10993,08/29/2014,Theft,Portable Electronic Device,,,2014
NM,Gaming,843,9/12/14,Theft,Portable Electronic Device,,,2014
NY,Gaming,5117,01/23/2015,Theft,Portable Electronic Device,,,2015
TN,Gaming,56694,2/2/15,Theft,Portable Electronic Device,,,2015
IN,website,38351,3/6/15,Theft,Portable Electronic Device,,,2015
TX,Gaming,940,8/5/13,Unauthorized Access/Disclosure,Portable Electronic Device,,,2013
KS,Gaming,1700,01/21/2014,Unauthorized Access/Disclosure,Portable Electronic Device,,,2014
KY,Financial,4077,09/22/2014,Unauthorized Access/Disclosure,Portable Electronic Device,,,2014
NY,Gaming,835,10/10/14,Unauthorized Access/Disclosure,Portable Electronic Device,,,2014
AZ,Gaming,616,12/12/14,Unauthorized Access/Disclosure,Portable Electronic Device,,,2014
TX,Gaming,874,4/9/15,Unauthorized Access/Disclosure,Portable Electronic Device,,,2015
IN,Gaming,660,02/14/2012,Hacking/IT Incident,Other,,,2012
IL,Financial,1290,9/6/13,Hacking/IT Incident,Other,,,2013
FL,Financial,1831,6/12/14,Hacking/IT Incident,Other,,,2014
OR,Gaming,151626,03/18/2015,Hacking/IT Incident,Other,,,2015
MT,Gaming,7038,4/2/15,Hacking/IT Incident,Other,,,2015
PA,Gaming,11000,06/19/2014,Hacking/IT Incident,Other,,,2014
OH,Gaming,500,04/28/2011,poor security,Other,,,2011
TX,Gaming,1031,05/19/2011,poor security,Other,,,2011
IN,Financial,5388,05/20/2013,poor security,Other,,,2013
TX,Financial,277014,7/11/13,poor security,Other,,,2013
SC,Gaming,4204,09/13/2013,poor security,Other,,,2013
AZ,Gaming,3529,07/25/2014,poor security,Other,,,2014
TN,Gaming,28300,8/12/14,poor security,Other,,,2014
GA,Gaming,720,08/28/2014,poor security,Other,,,2014
CA,Financial,1674,08/13/2014,poor security,Other,,,2014
,Financial,5220,05/24/2010,Loss,Other,,,2010
GA,Financial,14000,06/21/2010,Loss,Other,,,2010
,Financial,1073,07/30/2010,Loss,Other,,,2010
ID,Financial,5500,8/10/10,Loss,Other,,,2010
FL,Gaming,1055489,10/7/11,Loss,Other,,,2011
AR,Gaming,1472,10/21/2011,Loss,Other,,,2011
VA,Financial,4900000,11/4/11,Loss,Other,,,2011
FL,Gaming,772,12/1/11,Loss,Other,,,2011
OK,website,844,01/20/2012,Loss,Other,,,2012
RI,Gaming,14004,11/5/12,Loss,Other,,,2012
PA,Gaming,1184,01/18/2013,Loss,Other,,,2013
TN,Gaming,4268,09/13/2013,Loss,Other,,,2013
NJ,Gaming,36400,8/7/14,Loss,Other,,,2014
SD,website,620,07/15/2014,Loss,Other,,,2014
IA,Gaming,7335,06/26/2013,Loss,Other,,,2013
MI,Gaming,83945,4/5/10,Other,Other,,,2010
WI,Gaming,600,04/16/2010,Other,Other,,,2010
PA,website,560,8/3/10,Other,Other,,,2010
MD,website,692,10/6/10,Other,Other,,,2010
NJ,Financial,1700,2/8/12,Other,Other,,,2012
FL,website,9497,04/13/2012,Other,Other,,,2012
CA,website,18000,11/17/2012,Other,Other,,,2012
IN,Financial,2575,11/26/2012,Other,Other,,,2012
CA,Gaming,1386,05/24/2013,Other,Other,,,2013
NC,Gaming,7300,11/8/13,Other,Other,,,2013
AL,Financial,1085,01/24/2014,Other,Other,,,2014
GA,Financial,600,02/28/2014,Other,Other,,,2014
AZ,Gaming,55207,3/5/14,Other,Other,,,2014
WI,Financial,1400,04/18/2014,Other,Other,,,2014
MA,Financial,15265,04/29/2014,Other,Other,,,2014
TN,website,1717,08/29/2014,Other,Other,,,2014
PA,Financial,8845,02/26/2014,Theft,Other,,,2014
CO,website,11551,8/12/14,Theft,Other,,,2014
GA,Gaming,315000,04/18/2012,Theft,Other,,,2012
CA,Gaming,596,12/10/09,Theft,Other,,,2009
MA,Gaming,1076,1/8/10,Theft,Other,,,2010
ID,Financial,2562,01/14/2010,Theft,Other,,,2010
MI,Gaming,10000,01/15/2010,Theft,Other,,,2010
TX,Gaming,689,01/25/2010,Theft,Other,,,2010
UT,Financial,5700,2/5/10,Theft,Other,,,2010
NY,website,344579,04/14/2010,Theft,Other,,,2010
VA,Financial,1874,04/27/2010,Theft,Other,,,2010
PA,Financial,130495,6/4/10,Theft,Other,,,2010
CO,Gaming,2500,10/26/2010,Theft,Other,,,2010
TN,website,1023209,11/1/10,Theft,Other,,,2010
MO,Financial,4800,01/18/2011,Theft,Other,,,2011
CT,Financial,93500,4/5/11,Theft,Other,,,2011
CO,Financial,3589,06/29/2011,Theft,Other,,,2011
PR,Financial,5848,08/15/2011,Theft,Other,,,2011
PR,website,2209,09/29/2011,Theft,Other,,,2011
CT,Financial,3994,10/11/11,Theft,Other,,,2011
PA,Gaming,3150,10/14/2011,Theft,Other,,,2011
PA,Gaming,500,10/17/2011,Theft,Other,,,2011
MO,Financial,7059,10/22/2011,Theft,Other,,,2011
KS,Financial,8275,11/14/2011,Theft,Other,,,2011
IN,Gaming,10705,12/5/11,Theft,Other,,,2011
WA,Gaming,4693,12/15/2011,Theft,Other,,,2011
CA,website,703,02/15/2012,Theft,Other,,,2012
TX,Financial,2559,3/2/12,Theft,Other,,,2012
CA,Financial,2000,4/10/12,Theft,Other,,,2012
CA,Gaming,1900,05/18/2012,Theft,Other,,,2012
TX,Gaming,500,05/26/2012,Theft,Other,,,2012
IN,Gaming,1504,07/25/2012,Theft,Other,,,2012
OR,Gaming,702,07/31/2012,Theft,Other,,,2012
GA,Gaming,3440,10/18/2012,Theft,Other,,,2012
OH,Gaming,2500,5/3/13,Theft,Other,,,2013
IN,Financial,5497,08/13/2013,Theft,Other,,,2013
AZ,Financial,1456,11/13/2013,Theft,Other,,,2013
OH,website,1139,02/14/2014,Theft,Other,,,2014
TX,Gaming,5000,03/13/2014,Theft,Other,,,2014
PR,website,5795,4/2/14,Theft,Other,,,2014
PR,website,17776,4/3/14,Theft,Other,,,2014
MS,Gaming,3750,04/16/2014,Theft,Other,,,2014
MA,website,8830,04/24/2014,Theft,Other,,,2014
FL,Financial,9255,6/11/14,Theft,Other,,,2014
CA,Gaming,1863,10/15/2014,Theft,Other,,,2014
MA,Gaming,14100,01/30/2015,Theft,Other,,,2015
CA,Gaming,2500,3/6/15,Theft,Other,,,2015
CA,Gaming,1787,04/16/2015,Theft,Other,,,2015
PA,Gaming,2259,05/15/2015,Theft,Other,,,2015
NC,Financial,20512,05/15/2015,Theft,Other,,,2015
AR,Gaming,1900,05/23/2013,Theft,Other,,,2013
IN,Financial,585,12/27/2010,Unauthorized Access/Disclosure,Other,,,2010
CA,Gaming,2250,2/11/11,Unauthorized Access/Disclosure,Other,,,2011
MO,website,935,4/8/11,Unauthorized Access/Disclosure,Other,,,2011
IL,Financial,675,04/19/2011,Unauthorized Access/Disclosure,Other,,,2011
MO,website,850,5/9/11,Unauthorized Access/Disclosure,Other,,,2011
FL,website,3463,06/17/2011,Unauthorized Access/Disclosure,Other,,,2011
CA,Financial,19651,08/29/2011,Unauthorized Access/Disclosure,Other,,,2011
MT,Financial,2700,1/11/12,Unauthorized Access/Disclosure,Other,,,2012
MD,Financial,632,02/28/2012,Unauthorized Access/Disclosure,Other,,,2012
NC,Gaming,1370,03/23/2012,Unauthorized Access/Disclosure,Other,,,2012
AR,Gaming,7121,04/20/2012,Unauthorized Access/Disclosure,Other,,,2012
MN,website,19100,05/18/2012,Unauthorized Access/Disclosure,Other,,,2012
NC,Gaming,591,05/18/2012,Unauthorized Access/Disclosure,Other,,,2012
OH,Financial,15000,05/22/2012,Unauthorized Access/Disclosure,Other,,,2012
NY,Financial,28187,12/21/2012,Unauthorized Access/Disclosure,Other,,,2012
CA,website,2643,12/23/2012,Unauthorized Access/Disclosure,Other,,,2012
WI,Gaming,43549,2/12/13,Unauthorized Access/Disclosure,Other,,,2013
IL,Financial,500,3/1/13,Unauthorized Access/Disclosure,Other,,,2013
IN,Gaming,3131,4/12/13,Unauthorized Access/Disclosure,Other,,,2013
UT,Gaming,857,04/26/2013,Unauthorized Access/Disclosure,Other,,,2013
MO,Financial,4560,07/15/2013,Unauthorized Access/Disclosure,Other,,,2013
OR,Gaming,1361,07/28/2013,Unauthorized Access/Disclosure,Other,,,2013
NC,Gaming,1315,11/8/13,Unauthorized Access/Disclosure,Other,,,2013
TX,Gaming,44000,12/6/13,Unauthorized Access/Disclosure,Other,,,2013
NC,website,48752,1/6/14,Unauthorized Access/Disclosure,Other,,,2014
GA,Financial,1000,03/31/2014,Unauthorized Access/Disclosure,Other,,,2014
MO,website,2546,4/11/14,Unauthorized Access/Disclosure,Other,,,2014
MD,website,5000,04/15/2014,Unauthorized Access/Disclosure,Other,,,2014
OR,Gaming,17914,05/19/2014,Unauthorized Access/Disclosure,Other,,,2014
MD,website,620,06/19/2014,Unauthorized Access/Disclosure,Other,,,2014
KY,Gaming,697,9/9/14,Unauthorized Access/Disclosure,Other,,,2014
MI,website,6302,10/1/14,Unauthorized Access/Disclosure,Other,,,2014
AZ,Financial,15380,10/10/14,Unauthorized Access/Disclosure,Other,,,2014
IL,Gaming,12621,12/12/14,Unauthorized Access/Disclosure,Other,,,2014
TN,website,79000,01/13/2015,Unauthorized Access/Disclosure,Other,,,2015
TX,Gaming,3000,02/18/2015,Unauthorized Access/Disclosure,Other,,,2015
TX,website,8700,02/20/2015,Unauthorized Access/Disclosure,Other,,,2015
FL,Gaming,8700,03/20/2015,Unauthorized Access/Disclosure,Other,,,2015
,website,1458,03/31/2015,Unauthorized Access/Disclosure,Other,,,2015
MO,Gaming,503,6/9/15,Unauthorized Access/Disclosure,Other,,,2015
FL,website,7366,3/3/11,Other,Other,,,2011
NY,Financial,1900000,04/14/2011,Other,Other,,,2011
FL,Gaming,915,09/16/2013,Other,Other,,,2013
OH,Gaming,953,01/13/2014,Other,Other,,,2014
CA,Gaming,6871,6/5/15,Theft,Network Server,,,2015
TX,Gaming,6601,12/10/12,Unauthorized Access/Disclosure,Network Server,,,2012
WY,website,9023,3/2/10,Other,Network Server,,,2010
CT,Gaming,957,03/26/2010,Hacking/IT Incident,Network Server,,,2010
KY,Gaming,708,6/1/10,Hacking/IT Incident,Network Server,,,2010
TX,Gaming,27000,07/23/2010,Hacking/IT Incident,Network Server,,,2010
IN,website,31700,07/30/2010,Hacking/IT Incident,Network Server,,,2010
WA,Gaming,9493,10/15/2010,Hacking/IT Incident,Network Server,,,2010
NH,Gaming,231400,1/10/11,Hacking/IT Incident,Network Server,,,2011
KY,Financial,18871,2/7/11,Hacking/IT Incident,Network Server,,,2011
NC,Gaming,6000,04/21/2011,Hacking/IT Incident,Network Server,,,2011
IL,Financial,5000,7/11/11,Hacking/IT Incident,Network Server,,,2011
MA,Gaming,2021,07/19/2011,Hacking/IT Incident,Network Server,,,2011
AR,Gaming,3116,9/7/11,Hacking/IT Incident,Network Server,,,2011
UT,Financial,780000,4/11/12,Hacking/IT Incident,Network Server,,,2012
MI,Gaming,3000,5/3/12,Hacking/IT Incident,Network Server,,,2012
NM,Gaming,2365,9/12/12,Hacking/IT Incident,Network Server,,,2012
IN,Gaming,2900,10/23/2012,Hacking/IT Incident,Network Server,,,2012
MA,Financial,4343,12/28/2012,Hacking/IT Incident,Network Server,,,2012
MA,Financial,4125,1/7/13,Hacking/IT Incident,Network Server,,,2013
MA,Financial,7250,1/10/13,Hacking/IT Incident,Network Server,,,2013
MA,Financial,4100,1/10/13,Hacking/IT Incident,Network Server,,,2013
MN,Financial,6400,3/12/13,Hacking/IT Incident,Network Server,,,2013
MA,Gaming,8727,03/20/2013,Hacking/IT Incident,Network Server,,,2013
NC,Financial,9988,5/8/13,Hacking/IT Incident,Network Server,,,2013
NC,Financial,1924,5/10/13,Hacking/IT Incident,Network Server,,,2013
PA,Gaming,7803,05/20/2013,Hacking/IT Incident,Network Server,,,2013
GA,Financial,2029,09/13/2013,Hacking/IT Incident,Network Server,,,2013
GA,Financial,998,09/13/2013,Hacking/IT Incident,Network Server,,,2013
IL,Financial,7120,10/9/13,Hacking/IT Incident,Network Server,,,2013
MI,Gaming,3947,10/11/13,Hacking/IT Incident,Network Server,,,2013
CA,Gaming,59000,12/10/13,Hacking/IT Incident,Network Server,,,2013
MS,Gaming,1489,1/10/14,Hacking/IT Incident,Network Server,,,2014
TX,website,405000,2/5/14,Hacking/IT Incident,Network Server,,,2014
TX,Financial,3300,3/5/14,Hacking/IT Incident,Network Server,,,2014
AL,Financial,1179,3/10/14,Hacking/IT Incident,Network Server,,,2014
CA,Gaming,5178,4/2/14,Hacking/IT Incident,Network Server,,,2014
UT,Financial,9800,04/24/2014,Hacking/IT Incident,Network Server,,,2014
IN,Financial,1361,04/25/2014,Hacking/IT Incident,Network Server,,,2014
MT,website,1062509,7/7/14,Hacking/IT Incident,Network Server,,,2014
MN,Financial,4487,07/31/2014,Hacking/IT Incident,Network Server,,,2014
UT,Gaming,31677,8/7/14,Hacking/IT Incident,Network Server,,,2014
GA,Financial,10104,8/8/14,Hacking/IT Incident,Network Server,,,2014
TX,Financial,60582,8/8/14,Hacking/IT Incident,Network Server,,,2014
CA,Gaming,1251,8/12/14,Hacking/IT Incident,Network Server,,,2014
LA,Gaming,6073,08/15/2014,Hacking/IT Incident,Network Server,,,2014
TX,Financial,4500,10/10/14,Hacking/IT Incident,Network Server,,,2014
TX,Gaming,7029,1/7/15,Hacking/IT Incident,Network Server,,,2015
GA,Gaming,570,3/2/15,Hacking/IT Incident,Network Server,,,2015
GA,website,557779,3/2/15,Hacking/IT Incident,Network Server,,,2015
GA,website,355127,3/2/15,Hacking/IT Incident,Network Server,,,2015
VA,website,697586,3/12/15,Hacking/IT Incident,Network Server,,,2015
IN,website,78800000,03/13/2015,Hacking/IT Incident,Network Server,,,2015
WA,website,11000000,03/17/2015,Hacking/IT Incident,Network Server,,,2015
IL,website,2743,03/19/2015,Hacking/IT Incident,Network Server,,,2015
TX,website,50000,03/23/2015,Hacking/IT Incident,Network Server,,,2015
NY,website,43068,03/24/2015,Hacking/IT Incident,Network Server,,,2015
IL,website,880,03/24/2015,Hacking/IT Incident,Network Server,,,2015
TX,website,1688,03/25/2015,Hacking/IT Incident,Network Server,,,2015
SC,website,550,4/2/15,Hacking/IT Incident,Network Server,,,2015
IL,website,782,4/3/15,Hacking/IT Incident,Network Server,,,2015
MN,website,10946,4/3/15,Hacking/IT Incident,Network Server,,,2015
FL,website,3074,4/7/15,Hacking/IT Incident,Network Server,,,2015
KY,website,5440,4/9/15,Hacking/IT Incident,Network Server,,,2015
MO,website,12500,04/16/2015,Hacking/IT Incident,Network Server,,,2015
TX,website,880,04/27/2015,Hacking/IT Incident,Network Server,,,2015
MA,Gaming,3321,5/1/15,Hacking/IT Incident,Network Server,,,2015
MD,website,1100000,05/20/2015,Hacking/IT Incident,Network Server,,,2015
GA,Financial,520,08/14/2014,Hacking/IT Incident,Network Server,,,2014
OR,Gaming,4354,07/16/2012,Hacking/IT Incident,Network Server,,,2012
NJ,Gaming,27800,12/27/2012,Hacking/IT Incident,Network Server,,,2012
FL,Gaming,13000,10/15/2012,Hacking/IT Incident,Network Server,,,2012
PR,Financial,475000,11/4/10,Hacking/IT Incident,Network Server,,,2010
MI,Financial,11387,05/26/2011,Hacking/IT Incident,Network Server,,,2011
TX,Gaming,1300,09/20/2011,Hacking/IT Incident,Network Server,,,2011
AZ,Gaming,42000,5/1/12,Hacking/IT Incident,Network Server,,,2012
TX,Gaming,7000,5/8/12,Hacking/IT Incident,Network Server,,,2012
NV,Gaming,800,9/5/12,Hacking/IT Incident,Network Server,,,2012
MD,Financial,10766,04/17/2014,Hacking/IT Incident,Network Server,,,2014
PA,Gaming,55000,11/2/11,poor security,Network Server,,,2011
TX,website,74944,11/10/14,Loss,Network Server,,,2014
PA,Financial,22642,9/7/10,Other,Network Server,,,2010
IL,Gaming,750,03/23/2012,Other,Network Server,,,2012
IL,Gaming,7067,07/25/2012,Other,Network Server,,,2012
AL,Financial,50918,7/11/14,Other,Network Server,,,2014
NY,Financial,3334,07/23/2014,Other,Network Server,,,2014
FL,Gaming,14519,4/3/13,Theft,Network Server,,,2013
MO,Gaming,1000,10/28/2009,Theft,Network Server,,,2009
CA,Gaming,3500,02/23/2010,Theft,Network Server,,,2010
CA,Gaming,40000,05/13/2010,Theft,Network Server,,,2010
TX,Gaming,600,06/21/2010,Theft,Network Server,,,2010
NV,Gaming,7526,06/22/2010,Theft,Network Server,,,2010
TX,Gaming,25000,8/5/10,Theft,Network Server,,,2010
NY,Gaming,6800,09/24/2010,Theft,Network Server,,,2010
NY,Financial,1744,11/24/2010,Theft,Network Server,,,2010
FL,Gaming,156000,1/3/11,Theft,Network Server,,,2011
OK,Gaming,84000,4/6/11,Theft,Network Server,,,2011
IN,Gaming,757,10/25/2011,Theft,Network Server,,,2011
FL,Gaming,2900,10/31/2011,Theft,Network Server,,,2011
MD,Gaming,10480,02/29/2012,Theft,Network Server,,,2012
CA,Gaming,961,04/26/2012,Theft,Network Server,,,2012
AZ,Gaming,4800,07/27/2012,Theft,Network Server,,,2012
NY,Financial,1017,11/1/12,Theft,Network Server,,,2012
VA,Financial,2360,4/4/13,Theft,Network Server,,,2013
TN,Financial,32000,08/30/2013,Theft,Network Server,,,2013
PR,Financial,5000,9/11/13,Theft,Network Server,,,2013
NY,Gaming,8000,09/16/2013,Theft,Network Server,,,2013
OH,Gaming,517,09/30/2013,Theft,Network Server,,,2013
OH,website,4230,01/13/2014,Theft,Network Server,,,2014
MI,Gaming,5370,01/16/2014,Theft,Network Server,,,2014
PR,Financial,398000,01/24/2014,Theft,Network Server,,,2014
NV,Gaming,12000,7/12/14,Theft,Network Server,,,2014
TN,Financial,4500000,08/20/2014,Theft,Network Server,,,2014
OH,Gaming,6141,08/22/2014,Theft,Network Server,,,2014
FL,Gaming,3500,10/28/2014,Theft,Network Server,,,2014
NC,Gaming,76258,11/7/14,Theft,Network Server,,,2014
CA,Gaming,13177,11/14/2014,Theft,Network Server,,,2014
CA,Gaming,30000,11/15/2014,Theft,Network Server,,,2014
TX,website,47683,11/21/2014,Theft,Network Server,,,2014
AL,Financial,25764,11/26/2014,Theft,Network Server,,,2014
CA,Gaming,3224,02/27/2015,Theft,Network Server,,,2015
TX,Gaming,7700,03/27/2015,Theft,Network Server,,,2015
IN,Financial,1678,03/14/2013,Theft,Network Server,,,2013
CO,Gaming,532,07/31/2013,Theft,Network Server,,,2013
PR,Financial,8000,01/24/2014,Theft,Network Server,,,2014
CT,website,2345,11/7/10,Unauthorized Access/Disclosure,Network Server,,,2010
PA,Financial,1085,12/15/2010,Unauthorized Access/Disclosure,Network Server,,,2010
WV,Financial,3655,02/16/2011,Unauthorized Access/Disclosure,Network Server,,,2011
IL,Financial,25330,07/21/2011,Unauthorized Access/Disclosure,Network Server,,,2011
NY,Financial,7226,12/9/11,Unauthorized Access/Disclosure,Network Server,,,2011
IL,Financial,500,11/29/2012,Unauthorized Access/Disclosure,Network Server,,,2012
GA,Gaming,18000,02/18/2013,Unauthorized Access/Disclosure,Network Server,,,2013
CT,Gaming,1382,3/8/13,Unauthorized Access/Disclosure,Network Server,,,2013
NV,Financial,32151,8/8/13,Unauthorized Access/Disclosure,Network Server,,,2013
NY,Financial,37000,10/25/2013,Unauthorized Access/Disclosure,Network Server,,,2013
PA,Gaming,2300,10/31/2013,Unauthorized Access/Disclosure,Network Server,,,2013
IL,Gaming,2080,11/29/2013,Unauthorized Access/Disclosure,Network Server,,,2013
CA,Financial,1499,12/16/2013,Unauthorized Access/Disclosure,Network Server,,,2013
WY,website,11935,12/16/2013,Unauthorized Access/Disclosure,Network Server,,,2013
PA,Gaming,593,02/13/2014,Unauthorized Access/Disclosure,Network Server,,,2014
MN,Financial,10024,02/21/2014,Unauthorized Access/Disclosure,Network Server,,,2014
MN,Financial,520,02/21/2014,Unauthorized Access/Disclosure,Network Server,,,2014
MN,Financial,4786,02/21/2014,Unauthorized Access/Disclosure,Network Server,,,2014
MN,Financial,1511,02/25/2014,Unauthorized Access/Disclosure,Network Server,,,2014
MN,Financial,1746,03/18/2014,Unauthorized Access/Disclosure,Network Server,,,2014
NJ,Financial,680,07/23/2014,Unauthorized Access/Disclosure,Network Server,,,2014
CA,Financial,4000,07/28/2014,Unauthorized Access/Disclosure,Network Server,,,2014
GA,Financial,7016,8/7/14,Unauthorized Access/Disclosure,Network Server,,,2014
TN,Gaming,307528,10/3/14,Unauthorized Access/Disclosure,Network Server,,,2014
NJ,Financial,585,10/6/14,Unauthorized Access/Disclosure,Network Server,,,2014
NJ,Financial,35357,10/22/2014,Unauthorized Access/Disclosure,Network Server,,,2014
CA,website,843,6/9/15,Unauthorized Access/Disclosure,Network Server,,,2015
KS,Gaming,1200,09/19/2010,Theft,Laptop,,,2010
OK,Gaming,132940,4/11/11,Theft,Laptop,,,2011
CA,Gaming,3553,10/3/13,Theft,Laptop,,,2013
CA,Gaming,8294,11/22/2013,Theft,Laptop,,,2013
PA,Financial,507,09/23/2011,Theft,Laptop,,,2011
NC,Gaming,5370,4/4/13,Theft,Laptop,,,2013
KY,Gaming,1432,08/25/2011,Theft,Laptop,,,2011
TX,Gaming,789,9/9/14,Loss,Laptop,,,2014
TN,Gaming,2185,12/21/2011,Theft,Laptop,,,2011
PR,Financial,10000,3/12/12,Theft,Laptop,,,2012
PR,Financial,7606,03/15/2012,Theft,Laptop,,,2012
MT,Gaming,708,06/22/2012,Theft,Laptop,,,2012
IL,Gaming,4211,07/27/2012,Theft,Laptop,,,2012
CT,Gaming,5827,09/14/2012,Theft,Laptop,,,2012
MO,Gaming,2600,08/30/2013,Theft,Laptop,,,2013
MA,Gaming,595,08/26/2014,Theft,Laptop,,,2014
MA,Gaming,999,11/17/2014,Theft,Laptop,,,2014
NY,website,2772,2/6/15,Theft,Laptop,,,2015
LA,Gaming,707,09/26/2014,Theft,Laptop,,,2014
TX,Gaming,4700,10/5/10,Theft,Laptop,,,2010
OH,Gaming,850,12/20/2012,Theft,Laptop,,,2012
DC,website,3800,11/17/2009,Loss,Laptop,,,2009
TN,Gaming,1745,6/8/10,Loss,Laptop,,,2010
GA,Gaming,500,2/11/13,Loss,Laptop,,,2013
MS,Gaming,500,03/21/2013,Loss,Laptop,,,2013
OH,Gaming,9577,05/20/2013,Loss,Laptop,,,2013
GA,Gaming,4879,12/10/13,Loss,Laptop,,,2013
CA,Gaming,1233,3/6/15,Loss,Laptop,,,2015
NY,Gaming,563,4/10/15,Loss,Laptop,,,2015
WV,Gaming,12563,11/8/11,Loss,Laptop,,,2011
LA,Gaming,17000,05/18/2012,Loss,Laptop,,,2012
TX,Gaming,596,08/28/2013,Loss,Laptop,,,2013
IL,Gaming,1891,12/6/13,Loss,Laptop,,,2013
NC,Gaming,548,02/26/2014,Loss,Laptop,,,2014
TX,Gaming,5700,05/26/2012,Loss,Laptop,,,2012
OH,Gaming,1309,8/3/10,Other,Laptop,,,2010
MI,Gaming,4100,12/23/2012,Other,Laptop,,,2012
DE,Gaming,1883,01/31/2014,Other,Laptop,,,2014
CO,Gaming,11500,11/5/13,Theft,Laptop,,,2013
NY,Financial,6475,2/12/14,Theft,Laptop,,,2014
CA,Gaming,5900,11/23/2009,Theft,Laptop,,,2009
PA,Gaming,943,11/24/2009,Theft,Laptop,,,2009
TN,Financial,6400,11/25/2009,Theft,Laptop,,,2009
TX,Gaming,900,01/19/2010,Theft,Laptop,,,2010
IL,Gaming,812,01/22/2010,Theft,Laptop,,,2010
CA,Gaming,7300,01/27/2010,Theft,Laptop,,,2010
AZ,Gaming,1100,2/10/10,Theft,Laptop,,,2010
FL,Gaming,12580,3/1/10,Theft,Laptop,,,2010
WI,website,9500,3/3/10,Theft,Laptop,,,2010
NY,Gaming,625,3/9/10,Theft,Laptop,,,2010
WA,Gaming,5080,03/18/2010,Theft,Laptop,,,2010
FL,Gaming,2600,03/23/2010,Theft,Laptop,,,2010
AL,Gaming,2465,03/27/2010,Theft,Laptop,,,2010
TX,Gaming,955,4/9/10,Theft,Laptop,,,2010
CT,Gaming,54165,04/19/2010,Theft,Laptop,,,2010
MA,Gaming,3594,04/20/2010,Theft,Laptop,,,2010
CA,Gaming,5450,04/24/2010,Theft,Laptop,,,2010
TX,Gaming,4200,5/11/10,Theft,Laptop,,,2010
TX,Financial,656,05/14/2010,Theft,Laptop,,,2010
SC,Gaming,653,05/20/2010,Theft,Laptop,,,2010
NE,Financial,800,05/21/2010,Theft,Laptop,,,2010
IL,Gaming,1000,05/26/2010,Theft,Laptop,,,2010
OH,Gaming,60998,6/1/10,Theft,Laptop,,,2010
KS,Gaming,1105,6/1/10,Theft,Laptop,,,2010
FL,website,1220000,6/3/10,Theft,Laptop,,,2010
MI,Gaming,2300,6/4/10,Theft,Laptop,,,2010
MA,Financial,10515,6/9/10,Theft,Laptop,,,2010
KY,Gaming,2027,06/18/2010,Theft,Laptop,,,2010
AZ,Gaming,5893,06/28/2010,Theft,Laptop,,,2010
NM,Gaming,3830,7/8/10,Theft,Laptop,,,2010
DC,website,540,07/23/2010,Theft,Laptop,,,2010
TX,Gaming,1646,07/30/2010,Theft,Laptop,,,2010
TX,Gaming,694,07/30/2010,Theft,Laptop,,,2010
OH,Gaming,13867,8/5/10,Theft,Laptop,,,2010
KY,Gaming,2089,8/5/10,Theft,Laptop,,,2010
PA,Gaming,21000,8/9/10,Theft,Laptop,,,2010
CT,Gaming,1000,08/18/2010,Theft,Laptop,,,2010
IL,Gaming,7081,08/20/2010,Theft,Laptop,,,2010
VA,Gaming,2739,9/8/10,Theft,Laptop,,,2010
IN,Gaming,1199,09/23/2010,Theft,Laptop,,,2010
NY,Gaming,578,10/5/10,Theft,Laptop,,,2010
TX,Gaming,585,10/8/10,Theft,Laptop,,,2010
CT,Gaming,12000,11/11/10,Theft,Laptop,,,2010
NY,Gaming,535,11/12/10,Theft,Laptop,,,2010
MO,Gaming,1400,11/15/2010,Theft,Laptop,,,2010
MI,Gaming,3700,11/15/2010,Theft,Laptop,,,2010
WI,Gaming,3288,12/20/2010,Theft,Laptop,,,2010
IN,Financial,757,12/27/2010,Theft,Laptop,,,2010
MN,Gaming,3159,12/28/2010,Theft,Laptop,,,2010
FL,Gaming,2200,1/11/11,Theft,Laptop,,,2011
VA,Gaming,11982,1/12/11,Theft,Laptop,,,2011
TX,Gaming,4486,01/24/2011,Theft,Laptop,,,2011
MT,Gaming,37000,2/8/11,Theft,Laptop,,,2011
KY,Gaming,8845,3/10/11,Theft,Laptop,,,2011
CA,Gaming,667,03/30/2011,Theft,Laptop,,,2011
AK,Financial,1700,03/31/2011,Theft,Laptop,,,2011
NH,Gaming,5960,5/2/11,Theft,Laptop,,,2011
TX,Gaming,1500,5/5/11,Theft,Laptop,,,2011
MA,Gaming,563,5/6/11,Theft,Laptop,,,2011
IN,Gaming,22001,5/6/11,Theft,Laptop,,,2011
CA,Gaming,620,05/17/2011,Theft,Laptop,,,2011
TN,Gaming,810,06/22/2011,Theft,Laptop,,,2011
TN,Gaming,705,06/22/2011,Theft,Laptop,,,2011
OH,Financial,78042,06/27/2011,Theft,Laptop,,,2011
NY,Gaming,712,7/8/11,Theft,Laptop,,,2011
KY,Gaming,3604,07/28/2011,Theft,Laptop,,,2011
TX,Gaming,1870,07/28/2011,Theft,Laptop,,,2011
TX,Financial,10345,08/17/2011,Theft,Laptop,,,2011
TX,website,1696,9/9/11,Theft,Laptop,,,2011
GA,Gaming,863,09/15/2011,Theft,Laptop,,,2011
TX,Gaming,1259,09/23/2011,Theft,Laptop,,,2011
IN,Gaming,3266,10/4/11,Theft,Laptop,,,2011
MA,Gaming,599,10/11/11,Theft,Laptop,,,2011
NY,Gaming,927,10/27/2011,Theft,Laptop,,,2011
ND,Gaming,650,11/17/2011,Theft,Laptop,,,2011
GA,Gaming,17000,12/13/2011,Theft,Laptop,,,2011
WA,website,7581,12/23/2011,Theft,Laptop,,,2011
TX,Gaming,870,12/28/2011,Theft,Laptop,,,2011
MA,Gaming,2988,12/28/2011,Theft,Laptop,,,2011
PA,Gaming,1300,1/10/12,Theft,Laptop,,,2012
KS,Gaming,7757,01/19/2012,Theft,Laptop,,,2012
NY,Gaming,549,01/24/2012,Theft,Laptop,,,2012
NC,Gaming,2000,2/1/12,Theft,Laptop,,,2012
IL,Financial,14000,2/6/12,Theft,Laptop,,,2012
WI,Gaming,698,02/14/2012,Theft,Laptop,,,2012
PA,Gaming,728,02/27/2012,Theft,Laptop,,,2012
NM,Financial,7000,02/28/2012,Theft,Laptop,,,2012
PR,Financial,7706,02/28/2012,Theft,Laptop,,,2012
IN,Gaming,20000,3/9/12,Theft,Laptop,,,2012
PR,Financial,4645,3/12/12,Theft,Laptop,,,2012
NY,Gaming,577,03/13/2012,Theft,Laptop,,,2012
PR,Financial,7923,03/13/2012,Theft,Laptop,,,2012
GA,Gaming,513,03/15/2012,Theft,Laptop,,,2012
MN,Gaming,4000,05/14/2012,Theft,Laptop,,,2012
NE,website,3000,05/21/2012,Theft,Laptop,,,2012
MA,Gaming,2159,05/22/2012,Theft,Laptop,,,2012
MD,Financial,1444,6/4/12,Theft,Laptop,,,2012
KY,Gaming,4490,06/19/2012,Theft,Laptop,,,2012
KY,Gaming,824,06/22/2012,Theft,Laptop,,,2012
TX,Gaming,585,7/3/12,Theft,Laptop,,,2012
MA,Gaming,3900,07/20/2012,Theft,Laptop,,,2012
CT,Financial,7461,07/30/2012,Theft,Laptop,,,2012
PA,Financial,66601,8/10/12,Theft,Laptop,,,2012
PA,Gaming,3183,08/17/2012,Theft,Laptop,,,2012
FL,Gaming,500,08/28/2012,Theft,Laptop,,,2012
GA,Gaming,4000,08/31/2012,Theft,Laptop,,,2012
WA,Gaming,942,9/7/12,Theft,Laptop,,,2012
NY,Gaming,13000,09/14/2012,Theft,Laptop,,,2012
CA,Gaming,65700,10/10/12,Theft,Laptop,,,2012
TN,Gaming,27799,10/17/2012,Theft,Laptop,,,2012
CA,Gaming,116506,10/18/2012,Theft,Laptop,,,2012
NM,Gaming,540,11/21/2012,Theft,Laptop,,,2012
OH,Gaming,613,11/29/2012,Theft,Laptop,,,2012
RI,Gaming,683,11/30/2012,Theft,Laptop,,,2012
IN,Gaming,28893,12/26/2012,Theft,Laptop,,,2012
KY,Financial,1090,12/28/2012,Theft,Laptop,,,2012
CA,Financial,56820,12/31/2012,Theft,Laptop,,,2012
LA,Gaming,1400,1/10/13,Theft,Laptop,,,2013
NY,Gaming,19178,1/11/13,Theft,Laptop,,,2013
MO,Gaming,1105,1/11/13,Theft,Laptop,,,2013
MD,Gaming,3230,01/17/2013,Theft,Laptop,,,2013
TX,Gaming,29021,01/24/2013,Theft,Laptop,,,2013
GA,Financial,1103,2/4/13,Theft,Laptop,,,2013
MD,Gaming,5822,2/12/13,Theft,Laptop,,,2013
MO,Gaming,4027,02/14/2013,Theft,Laptop,,,2013
GA,Gaming,1819,02/15/2013,Theft,Laptop,,,2013
NM,Gaming,778,02/17/2013,Theft,Laptop,,,2013
AZ,Gaming,501,02/21/2013,Theft,Laptop,,,2013
GA,Gaming,3000,02/27/2013,Theft,Laptop,,,2013
CA,Financial,18162,3/4/13,Theft,Laptop,,,2013
FL,Gaming,12299,3/9/13,Theft,Laptop,,,2013
WA,Financial,629,03/29/2013,Theft,Laptop,,,2013
SC,Gaming,7405,4/10/13,Theft,Laptop,,,2013
OR,Gaming,1076,4/11/13,Theft,Laptop,,,2013
IN,Gaming,10350,05/13/2013,Theft,Laptop,,,2013
CA,Financial,3164,05/24/2013,Theft,Laptop,,,2013
NY,website,2434,05/24/2013,Theft,Laptop,,,2013
CA,Gaming,12900,06/13/2013,Theft,Laptop,,,2013
TX,Gaming,1955,06/28/2013,Theft,Laptop,,,2013
PR,Financial,679,06/28/2013,Theft,Laptop,,,2013
FL,Gaming,900,7/3/13,Theft,Laptop,,,2013
CA,Gaming,1837,8/2/13,Theft,Laptop,,,2013
AR,Financial,1911,8/5/13,Theft,Laptop,,,2013
OH,Gaming,2045,8/12/13,Theft,Laptop,,,2013
TN,Gaming,5690,08/15/2013,Theft,Laptop,,,2013
CO,Gaming,1500,9/3/13,Theft,Laptop,,,2013
CA,Gaming,2182,9/6/13,Theft,Laptop,,,2013
OH,Gaming,1360,09/27/2013,Theft,Laptop,,,2013
CA,Gaming,579,09/27/2013,Theft,Laptop,,,2013
CO,Financial,3512,09/28/2013,Theft,Laptop,,,2013
TN,Gaming,6932,09/30/2013,Theft,Laptop,,,2013
PA,Gaming,2810,10/4/13,Theft,Laptop,,,2013
IN,Gaming,566,10/14/2013,Theft,Laptop,,,2013
VT,Gaming,550,10/15/2013,Theft,Laptop,,,2013
TX,Gaming,5500,10/23/2013,Theft,Laptop,,,2013
CA,Gaming,3833,10/25/2013,Theft,Laptop,,,2013
WI,Gaming,631,10/25/2013,Theft,Laptop,,,2013
CA,Gaming,729000,10/25/2013,Theft,Laptop,,,2013
NJ,Gaming,1100,11/5/13,Theft,Laptop,,,2013
IL,Financial,4837,11/14/2013,Theft,Laptop,,,2013
GA,Gaming,1300,11/15/2013,Theft,Laptop,,,2013
WA,Gaming,950,11/26/2013,Theft,Laptop,,,2013
GA,Gaming,4500,12/6/13,Theft,Laptop,,,2013
SC,Financial,3432,12/18/2013,Theft,Laptop,,,2013
TN,Financial,2777,12/19/2013,Theft,Laptop,,,2013
NM,Gaming,12354,12/31/2013,Theft,Laptop,,,2013
NJ,Financial,839711,1/3/14,Theft,Laptop,,,2014
NY,Financial,2500,1/8/14,Theft,Laptop,,,2014
TN,Gaming,9602,01/15/2014,Theft,Laptop,,,2014
CA,Financial,611,01/24/2014,Theft,Laptop,,,2014
CA,Gaming,3026,2/7/14,Theft,Laptop,,,2014
GA,Gaming,841,2/7/14,Theft,Laptop,,,2014
IN,Gaming,1142,02/18/2014,Theft,Laptop,,,2014
VA,Gaming,3458,02/26/2014,Theft,Laptop,,,2014
AZ,Gaming,1706,03/16/2014,Theft,Laptop,,,2014
WA,Financial,1079,03/24/2014,Theft,Laptop,,,2014
TX,Gaming,1000,5/10/14,Theft,Laptop,,,2014
OK,Financial,3814,05/30/2014,Theft,Laptop,,,2014
NY,Gaming,872,06/20/2014,Theft,Laptop,,,2014
CO,Gaming,750,06/23/2014,Theft,Laptop,,,2014
CA,Gaming,563,06/24/2014,Theft,Laptop,,,2014
MD,Gaming,42713,06/27/2014,Theft,Laptop,,,2014
SC,Gaming,38906,07/25/2014,Theft,Laptop,,,2014
IL,Gaming,982,07/30/2014,Theft,Laptop,,,2014
IL,Gaming,13646,08/19/2014,Theft,Laptop,,,2014
CA,Gaming,33136,9/10/14,Theft,Laptop,,,2014
CO,Gaming,523,09/26/2014,Theft,Laptop,,,2014
AL,Gaming,2588,09/30/2014,Theft,Laptop,,,2014
NY,Gaming,10793,10/3/14,Theft,Laptop,,,2014
OR,Gaming,1320,10/6/14,Theft,Laptop,,,2014
GA,Gaming,3397,10/9/14,Theft,Laptop,,,2014
TX,Gaming,1000,10/15/2014,Theft,Laptop,,,2014
PA,Gaming,13907,10/31/2014,Theft,Laptop,,,2014
OH,Gaming,542,11/21/2014,Theft,Laptop,,,2014
UT,Gaming,623,12/5/14,Theft,Laptop,,,2014
KY,Gaming,4500,12/9/14,Theft,Laptop,,,2014
IN,Gaming,43890,1/7/15,Theft,Laptop,,,2015
CA,Gaming,7925,01/29/2015,Theft,Laptop,,,2015
TX,Gaming,678,01/29/2015,Theft,Laptop,,,2015
NV,Gaming,2153,02/26/2015,Theft,Laptop,,,2015
TX,Gaming,600,03/19/2015,Theft,Laptop,,,2015
IL,Gaming,3000,04/28/2015,Theft,Laptop,,,2015
MN,Gaming,4725,05/18/2015,Theft,Laptop,,,2015
FL,Gaming,506,05/20/2015,Theft,Laptop,,,2015
OR,website,14000,6/1/15,Theft,Laptop,,,2015
CA,Financial,995,6/3/15,Theft,Laptop,,,2015
OR,Financial,2300,02/20/2012,Theft,Laptop,,,2012
FL,Gaming,2365,04/23/2014,Theft,Laptop,,,2014
IL,Gaming,815,08/18/2011,Unauthorized Access/Disclosure,Laptop,,,2011
FL,Gaming,10680,10/29/2013,Unauthorized Access/Disclosure,Laptop,,,2013
MD,website,214000,4/1/14,Unauthorized Access/Disclosure,Laptop,,,2014
PA,Gaming,1801,6/6/14,Other,Email,,,2014
DC,Gaming,2416,05/13/2010,Theft,Email,,,2010
NY,Gaming,568,6/8/12,Theft,Email,,,2012
CA,Gaming,6307,06/25/2014,Unauthorized Access/Disclosure,Email,,,2014
IN,Gaming,1848,1/12/11,Hacking/IT Incident,Email,,,2011
AZ,Gaming,13877,07/29/2014,Theft,Email,,,2014
NC,Financial,50000,1/10/12,Theft,Email,,,2012
MO,Gaming,4000,1/7/15,Unauthorized Access/Disclosure,Email,,,2015
IA,website,2042,3/10/14,Other,Email,,,2014
WA,Gaming,2500,1/3/14,Theft,Email,,,2014
NJ,Financial,342197,05/22/2014,Theft,Email,,,2014
AL,Financial,768,03/30/2010,Other,Email,,,2010
NC,Gaming,5600,12/7/12,Hacking/IT Incident,Email,,,2012
CA,Gaming,2269,02/14/2014,Hacking/IT Incident,Email,,,2014
IL,Gaming,1256,03/31/2014,Hacking/IT Incident,Email,,,2014
CO,Gaming,12286,04/22/2014,Hacking/IT Incident,Email,,,2014
TX,Gaming,1253,04/25/2014,Hacking/IT Incident,Email,,,2014
TX,Gaming,2308,04/25/2014,Hacking/IT Incident,Email,,,2014
TX,Gaming,1981,04/25/2014,Hacking/IT Incident,Email,,,2014
TX,Gaming,2742,04/25/2014,Hacking/IT Incident,Email,,,2014
CA,Gaming,1326,10/8/14,Hacking/IT Incident,Email,,,2014
DC,Gaming,18000,02/24/2015,Hacking/IT Incident,Email,,,2015
IN,Gaming,3952,3/5/15,Hacking/IT Incident,Email,,,2015
FL,Gaming,14177,03/16/2015,Hacking/IT Incident,Email,,,2015
IN,Gaming,756,4/10/15,Hacking/IT Incident,Email,,,2015
MD,Gaming,24967,04/24/2015,Hacking/IT Incident,Email,,,2015
TX,Gaming,39000,04/24/2015,Hacking/IT Incident,Email,,,2015
IN,Gaming,306789,05/22/2015,Hacking/IT Incident,Email,,,2015
CO,Gaming,3200,01/27/2012,Hacking/IT Incident,Email,,,2012
MN,Financial,502,05/19/2014,Hacking/IT Incident,Email,,,2014
MO,website,1127,06/17/2013,poor security,Email,,,2013
CA,Gaming,610,12/15/2009,Other,Email,,,2009
OH,Gaming,1001,06/14/2010,Other,Email,,,2010
PA,Financial,937,06/24/2010,Other,Email,,,2010
ME,Gaming,1920,3/4/13,Other,Email,,,2013
TX,Gaming,818,04/25/2013,Other,Email,,,2013
NY,Gaming,10000,05/14/2013,Other,Email,,,2013
NC,Gaming,609,7/5/13,Other,Email,,,2013
GA,Gaming,654,08/30/2013,Other,Email,,,2013
NC,Gaming,1310,10/4/13,Other,Email,,,2013
NE,Gaming,3857,12/11/13,Other,Email,,,2013
IL,Gaming,22511,1/11/14,Other,Email,,,2014
KY,Gaming,2992,03/28/2014,Other,Email,,,2014
WA,Gaming,8300,03/28/2014,Other,Email,,,2014
IN,Financial,1008,5/6/14,Other,Email,,,2014
MN,Gaming,1304,6/5/14,Other,Email,,,2014
GA,Gaming,1175,6/9/14,Other,Email,,,2014
IL,Financial,767,09/17/2014,Other,Email,,,2014
AZ,Gaming,1296,11/14/2014,Other,Email,,,2014
NY,website,31980,11/20/2014,Other,Email,,,2014
FL,Gaming,2477,12/8/14,Other,Email,,,2014
PA,Gaming,2928,12/28/2010,Theft,Email,,,2010
OH,Gaming,1167,6/3/13,Theft,Email,,,2013
VA,Gaming,10228,09/26/2013,Theft,Email,,,2013
GA,Financial,5232,10/2/13,Theft,Email,,,2013
MD,Gaming,7606,11/12/13,Theft,Email,,,2013
IL,Financial,1573,12/6/13,Theft,Email,,,2013
CA,Gaming,7800,3/12/14,Theft,Email,,,2014
NY,website,642,4/3/12,Unauthorized Access/Disclosure,Email,,,2012
MI,website,1229,4/6/12,Unauthorized Access/Disclosure,Email,,,2012
CA,Gaming,1000,4/10/12,Unauthorized Access/Disclosure,Email,,,2012
SC,website,228435,04/24/2012,Unauthorized Access/Disclosure,Email,,,2012
MO,website,1134,5/11/12,Unauthorized Access/Disclosure,Email,,,2012
KY,website,2500,09/19/2012,Unauthorized Access/Disclosure,Email,,,2012
TN,Gaming,1180,5/7/13,Unauthorized Access/Disclosure,Email,,,2013
CA,Financial,4479,7/5/13,Unauthorized Access/Disclosure,Email,,,2013
MO,Gaming,3100,10/7/13,Unauthorized Access/Disclosure,Email,,,2013
IL,Gaming,1067,10/14/2013,Unauthorized Access/Disclosure,Email,,,2013
AK,Gaming,1556,10/16/2013,Unauthorized Access/Disclosure,Email,,,2013
MA,Gaming,832,12/23/2013,Unauthorized Access/Disclosure,Email,,,2013
CO,Financial,1918,1/2/14,Unauthorized Access/Disclosure,Email,,,2014
PA,Gaming,657,03/27/2014,Unauthorized Access/Disclosure,Email,,,2014
UT,Gaming,643,03/29/2014,Unauthorized Access/Disclosure,Email,,,2014
NY,website,4830,04/24/2014,Unauthorized Access/Disclosure,Email,,,2014
KS,Gaming,9640,6/5/14,Unauthorized Access/Disclosure,Email,,,2014
MI,website,2289,06/16/2014,Unauthorized Access/Disclosure,Email,,,2014
CA,Gaming,14121,06/24/2014,Unauthorized Access/Disclosure,Email,,,2014
OK,Gaming,6000,08/22/2014,Unauthorized Access/Disclosure,Email,,,2014
FL,Gaming,1782,10/30/2014,Unauthorized Access/Disclosure,Email,,,2014
MI,Gaming,1488,12/12/14,Unauthorized Access/Disclosure,Email,,,2014
FL,Gaming,1859,1/5/15,Unauthorized Access/Disclosure,Email,,,2015
CA,Gaming,1285,01/28/2015,Unauthorized Access/Disclosure,Email,,,2015
FL,Gaming,600,2/12/15,Unauthorized Access/Disclosure,Email,,,2015
CA,Gaming,845,4/2/15,Unauthorized Access/Disclosure,Email,,,2015
TX,Gaming,873,4/3/15,Unauthorized Access/Disclosure,Email,,,2015
NJ,Gaming,1447,04/17/2015,Unauthorized Access/Disclosure,Email,,,2015
NY,Gaming,3334,04/28/2015,Unauthorized Access/Disclosure,Email,,,2015
NY,Gaming,90060,04/28/2015,Unauthorized Access/Disclosure,Email,,,2015
NY,Gaming,3957,6/1/15,Unauthorized Access/Disclosure,Email,,,2015
NC,Gaming,1263,6/9/11,Other,Email,,,2011
GA,Gaming,12937,05/24/2012,Theft,Electronic ,,,2012
TX,Gaming,2875,8/3/12,Theft,Electronic ,,,2012
TX,Gaming,2464,11/17/2011,Unauthorized Access/Disclosure,Electronic ,,,2011
MA,Gaming,2387,5/5/14,Unauthorized Access/Disclosure,Electronic ,,,2014
PA,Financial,800000,07/19/2010,Loss,Electronic ,,,2010
MA,Financial,1860,1/7/10,Theft,Electronic ,,,2010
NJ,Financial,1700000,2/11/11,Theft,Electronic ,,,2011
IL,Gaming,16446,2/10/14,Theft,Electronic ,,,2014
VA,Gaming,2318,07/31/2014,Theft,Electronic ,,,2014
FL,Gaming,1562,7/8/11,Unauthorized Access/Disclosure,Electronic ,,,2011
OH,Gaming,594,05/28/2014,Unauthorized Access/Disclosure,Electronic ,,,2014
NV,Gaming,12000,6/10/15,Theft,Electronic ,,,2015
MN,Gaming,2600,10/11/11,Theft,Electronic ,,,2011
NY,Gaming,3936,11/7/14,Theft,Electronic ,,,2014
OH,Gaming,504,02/26/2014,Other,Electronic ,,,2014
KY,Gaming,1000,03/20/2014,Other,Electronic ,,,2014
MN,Gaming,1740,9/8/10,Theft,Electronic ,,,2010
FL,Gaming,105646,08/16/2012,Theft,Electronic ,,,2012
FL,Gaming,2560,11/5/12,Theft,Electronic ,,,2012
FL,Gaming,1025,4/2/13,Theft,Electronic ,,,2013
IL,Gaming,12542,4/3/13,Theft,Electronic ,,,2013
VA,Gaming,5764,05/29/2013,Theft,Electronic ,,,2013
NY,Gaming,2000,06/24/2014,Theft,Electronic ,,,2014
AL,Gaming,1200,06/26/2014,Theft,Electronic ,,,2014
LA,Gaming,10271,11/5/12,Theft,Electronic ,,,2012
FL,Gaming,5875,05/30/2013,Theft,Electronic ,,,2013
CO,Gaming,651,11/2/13,Theft,Electronic ,,,2013
VA,Gaming,3861,01/16/2014,Theft,Electronic ,,,2014
FL,Financial,82601,9/9/14,Theft,Electronic ,,,2014
FL,Gaming,12784,10/13/2011,Unauthorized Access/Disclosure,Electronic ,,,2011
TX,Gaming,2462,7/5/12,Unauthorized Access/Disclosure,Electronic ,,,2012
TX,Gaming,678,01/22/2013,Unauthorized Access/Disclosure,Electronic ,,,2013
FL,Gaming,834,3/2/13,Unauthorized Access/Disclosure,Electronic ,,,2013
CA,Gaming,2864,7/11/13,Unauthorized Access/Disclosure,Electronic ,,,2013
IN,Gaming,1396,8/12/13,Unauthorized Access/Disclosure,Electronic ,,,2013
OR,website,647,9/3/13,Unauthorized Access/Disclosure,Electronic ,,,2013
CA,Gaming,1009,09/20/2013,Unauthorized Access/Disclosure,Electronic ,,,2013
IA,Gaming,1825,10/2/13,Unauthorized Access/Disclosure,Electronic ,,,2013
PA,Gaming,1279,11/27/2013,Unauthorized Access/Disclosure,Electronic ,,,2013
TX,Gaming,2874,06/13/2014,Unauthorized Access/Disclosure,Electronic ,,,2014
FL,Gaming,675,9/12/14,Unauthorized Access/Disclosure,Electronic ,,,2014
FL,Gaming,1449,11/20/2014,Unauthorized Access/Disclosure,Electronic ,,,2014
CA,Gaming,845,01/23/2015,Unauthorized Access/Disclosure,Electronic ,,,2015
NV,Gaming,8791,4/3/15,Unauthorized Access/Disclosure,Electronic ,,,2015
NY,Gaming,567,05/28/2015,Unauthorized Access/Disclosure,Electronic ,,,2015
TX,Gaming,654,03/23/2011,Other,Electronic ,,,2011
UT,Financial,1298,10/13/2010,Other,Desktop Computer,,,2010
TN,Gaming,1537,7/2/10,Theft,Desktop Computer,,,2010
FL,Gaming,628,03/15/2013,Theft,Desktop Computer,,,2013
NY,Gaming,937,01/21/2014,Theft,Desktop Computer,,,2014
IL,Gaming,540,6/6/14,Theft,Desktop Computer,,,2014
PA,Gaming,81463,4/2/15,Unauthorized Access/Disclosure,Desktop Computer,,,2015
OK,Gaming,600,03/16/2011,Theft,Desktop Computer,,,2011
NY,Gaming,97000,06/20/2014,Hacking/IT Incident,Desktop Computer,,,2014
WA,Gaming,756,05/29/2012,Theft,Desktop Computer,,,2012
ND,website,10000,08/21/2013,poor security,Desktop Computer,,,2013
CA,Gaming,3206,08/29/2014,Theft,Desktop Computer,,,2014
AL,Gaming,20744,03/28/2011,Theft,Desktop Computer,,,2011
MD,Gaming,1000,12/13/2010,Hacking/IT Incident,Desktop Computer,,,2010
OK,Gaming,4000,03/13/2015,Hacking/IT Incident,Desktop Computer,,,2015
CA,Financial,800,07/18/2013,Hacking/IT Incident,Desktop Computer,,,2013
CA,Financial,10190,7/4/11,Theft,Desktop Computer,,,2011
IL,Gaming,2000,08/29/2011,Theft,Desktop Computer,,,2011
FL,Gaming,1670,1/6/12,Theft,Desktop Computer,,,2012
NY,Gaming,6745,4/12/12,Theft,Desktop Computer,,,2012
MO,Gaming,10000,9/3/13,Theft,Desktop Computer,,,2013
FL,Gaming,7888,11/3/14,Theft,Desktop Computer,,,2014
CA,,1342,05/19/2015,Theft,Desktop Computer,,,2015
OR,Retail,4328,08/20/2010,Theft,Desktop Computer,,,2010
MN,website,27839,03/21/2014,Loss,Desktop Computer,,,2014
MN,Financial,796,03/21/2014,Loss,Desktop Computer,,,2014
MN,Financial,1699,03/21/2014,Loss,Desktop Computer,,,2014
MN,Financial,715,03/21/2014,Loss,Desktop Computer,,,2014
CA,website,30000,12/12/14,Hacking/IT Incident,Desktop Computer,,,2014
PR,Retail,1000,12/13/2010,Hacking/IT Incident,Desktop Computer,,,2010
FL,Retail,500,01/15/2015,poor security,Desktop Computer,,,2015
CO,Retail,5415,03/14/2014,Other,Desktop Computer,,,2014
MI,Retail,646,12/15/2009,Theft,Desktop Computer,,,2009
VA,Retail,500,04/29/2010,Theft,Desktop Computer,,,2010
IN,Retail,2000,09/15/2010,Theft,Desktop Computer,,,2010
OH,Retail,501,1/4/11,Theft,Desktop Computer,,,2011
MI,Retail,656,01/18/2011,Theft,Desktop Computer,,,2011
WA,Retail,2367,09/21/2011,Theft,Desktop Computer,,,2011
WA,Retail,6000,7/8/14,Theft,Desktop Computer,,,2014
TX,Financial,2000000,9/10/14,Unauthorized Access/Disclosure,Desktop Computer,,,2014
IL,Retail,845,04/25/2011,Hacking/IT Incident,Desktop Computer,,,2011
IL,Retail,686,04/25/2011,Hacking/IT Incident,Desktop Computer,,,2011
AZ,website,9393,04/25/2011,Hacking/IT Incident,Desktop Computer,,,2011
IL,Retail,532,04/25/2011,Hacking/IT Incident,Desktop Computer,,,2011
IL,Retail,1070,04/25/2011,Hacking/IT Incident,Desktop Computer,,,2011
NY,website,1020,06/14/2010,Theft,Desktop Computer,,,2010
MT,Retail,1900,12/17/2013,Unauthorized Access/Disclosure,Desktop Computer,,,2013
NC,Financial,2000,12/11/09,Theft,Desktop Computer,,,2009
LA,Retail,3000,06/15/2015,Theft,Desktop Computer,,,2015
LA,Retail,6909,3/1/15,Unauthorized Access/Disclosure,Desktop Computer,,,2015
FL,Retail,9626,06/17/2013,Theft,Desktop Computer,,,2013
FL,website,500,03/27/2015,Hacking/IT Incident,Desktop Computer,,,2015
NJ,Financial,3000,08/28/2011,Theft,Desktop Computer,,,2011
LA,Retail,2000,06/28/2011,Theft,Desktop Computer,,,2011
CA,Retail,4885,04/28/2015,Unauthorized Access/Disclosure,Desktop Computer,,,2015
WA,Retail,2100,04/13/2012,Theft,Desktop Computer,,,2012
OR,Retail,3269,03/15/2013,Theft,Desktop Computer,,,2013
FL,Retail,686,02/27/2015,Unauthorized Access/Disclosure,Desktop Computer,,,2015
NC,Retail,2300,8/9/10,Hacking/IT Incident,Desktop Computer,,,2010
OK,Retail,19200,09/27/2010,Hacking/IT Incident,Desktop Computer,,,2010
MO,Retail,800,2/10/11,Hacking/IT Incident,Desktop Computer,,,2011
WI,Financial,3000,09/13/2011,Hacking/IT Incident,Desktop Computer,,,2011
HI,Retail,674,11/20/2012,Hacking/IT Incident,Desktop Computer,,,2012
TX,Retail,2988,12/31/2012,Hacking/IT Incident,Desktop Computer,,,2012
IN,Retail,2723,05/21/2013,Hacking/IT Incident,Desktop Computer,,,2013
MA,Retail,1670,6/5/13,Hacking/IT Incident,Desktop Computer,,,2013
CO,Retail,921,08/27/2013,Hacking/IT Incident,Desktop Computer,,,2013
WA,Retail,76183,11/27/2013,Hacking/IT Incident,Desktop Computer,,,2013
AL,website,1100,7/7/14,Hacking/IT Incident,Desktop Computer,,,2014
TX,Retail,1600,01/23/2015,Hacking/IT Incident,Desktop Computer,,,2015
OH,Retail,981,05/15/2015,Hacking/IT Incident,Desktop Computer,,,2015
GA,Retail,6989,1/3/14,Loss,Desktop Computer,,,2014
TX,Financial,6672,10/24/2011,Loss,Desktop Computer,,,2011
CA,Retail,532,02/21/2010,Other,Desktop Computer,,,2010
NM,Retail,1900,02/23/2010,Other,Desktop Computer,,,2010
TN,Financial,539,5/8/13,Other,Desktop Computer,,,2013
GA,Retail,5000,12/6/13,Other,Desktop Computer,,,2013
CA,Retail,5257,11/20/2009,Theft,Desktop Computer,,,2009
CA,Retail,857,11/20/2009,Theft,Desktop Computer,,,2009
CA,Retail,6145,11/20/2009,Theft,Desktop Computer,,,2009
CA,Retail,952,11/20/2009,Theft,Desktop Computer,,,2009
CA,Retail,5166,11/20/2009,Theft,Desktop Computer,,,2009
MO,Retail,9309,01/19/2010,Theft,Desktop Computer,,,2010
FL,Retail,8000,02/18/2010,Theft,Desktop Computer,,,2010
CA,Retail,22012,04/23/2010,Theft,Desktop Computer,,,2010
CO,Financial,105470,7/9/10,Theft,Desktop Computer,,,2010
NY,Retail,16820,07/23/2010,Theft,Desktop Computer,,,2010
NY,Retail,23753,07/23/2010,Theft,Desktop Computer,,,2010
TX,Retail,6873,07/28/2010,Theft,Desktop Computer,,,2010
WA,Retail,2698,8/11/10,Theft,Desktop Computer,,,2010
NY,Retail,9000,09/21/2010,Theft,Desktop Computer,,,2010
CA,Retail,928,09/29/2010,Theft,Desktop Computer,,,2010
MS,Retail,1104,11/8/10,Theft,Desktop Computer,,,2010
NE,Retail,1550,11/12/10,Theft,Desktop Computer,,,2010
PA,Retail,613,11/30/2010,Theft,Desktop Computer,,,2010
NY,Retail,542,11/30/2010,Theft,Desktop Computer,,,2010
TX,Retail,800,12/7/10,Theft,Desktop Computer,,,2010
IL,Retail,556,12/17/2010,Theft,Desktop Computer,,,2010
WA,Retail,1250,01/13/2011,Theft,Desktop Computer,,,2011
SC,website,5596,01/14/2011,Theft,Desktop Computer,,,2011
TN,Retail,500,01/28/2011,Theft,Desktop Computer,,,2011
NY,Retail,670,03/28/2011,Theft,Desktop Computer,,,2011
CA,Retail,514330,03/30/2011,Theft,Desktop Computer,,,2011
WY,Retail,15000,04/20/2011,Theft,Desktop Computer,,,2011
PR,website,32390,5/9/11,Theft,Desktop Computer,,,2011
PR,website,24361,5/9/11,Theft,Desktop Computer,,,2011
CT,Financial,400000,05/27/2011,Theft,Desktop Computer,,,2011
CA,Retail,15677,06/16/2011,Theft,Desktop Computer,,,2011
PR,Retail,2800,07/13/2011,Theft,Desktop Computer,,,2011
OR,Retail,1200,07/29/2011,Theft,Desktop Computer,,,2011
MI,Retail,520,10/3/11,Theft,Desktop Computer,,,2011
MA,Retail,14750,10/20/2011,Theft,Desktop Computer,,,2011
CT,Financial,1089,10/28/2011,Theft,Desktop Computer,,,2011
AL,Retail,943434,11/17/2011,Theft,Desktop Computer,,,2011
WA,Retail,3100,01/27/2012,Theft,Desktop Computer,,,2012
CA,Retail,4400,04/20/2012,Theft,Desktop Computer,,,2012
CT,Retail,925,05/25/2012,Theft,Desktop Computer,,,2012
OR,Retail,11136,6/6/12,Theft,Desktop Computer,,,2012
NY,Retail,8488,07/23/2012,Theft,Desktop Computer,,,2012
CA,Retail,2300,8/3/12,Theft,Desktop Computer,,,2012
CA,Retail,603,08/15/2012,Theft,Desktop Computer,,,2012
CA,Retail,3031,09/17/2012,Theft,Desktop Computer,,,2012
CA,Retail,980,10/22/2012,Theft,Desktop Computer,,,2012
MA,Retail,615,11/26/2012,Theft,Desktop Computer,,,2012
CT,Retail,1749,11/28/2012,Theft,Desktop Computer,,,2012
FL,Retail,10000,11/29/2012,Theft,Desktop Computer,,,2012
NY,Retail,4929,12/14/2012,Theft,Desktop Computer,,,2012
CA,Retail,532,1/4/13,Theft,Desktop Computer,,,2013
IL,Financial,8911,01/30/2013,Theft,Desktop Computer,,,2013
AL,Retail,2400,2/2/13,Theft,Desktop Computer,,,2013
NC,Financial,1000,2/6/13,Theft,Desktop Computer,,,2013
SD,Retail,8500,02/21/2013,Theft,Desktop Computer,,,2013
CA,Retail,109000,02/22/2013,Theft,Desktop Computer,,,2013
OH,Retail,1200,3/6/13,Theft,Desktop Computer,,,2013
NY,Retail,1416,04/17/2013,Theft,Desktop Computer,,,2013
UT,Retail,700,04/26/2013,Theft,Desktop Computer,,,2013
NC,Retail,1580,5/1/13,Theft,Desktop Computer,,,2013
FL,Retail,710,07/19/2013,Theft,Desktop Computer,,,2013
IL,Retail,4029530,08/23/2013,Theft,Desktop Computer,,,2013
TX,Retail,949,10/22/2013,Theft,Desktop Computer,,,2013
TX,Retail,5840,10/28/2013,Theft,Desktop Computer,,,2013
IN,Retail,1500,11/26/2013,Theft,Desktop Computer,,,2013
CA,Retail,1400,12/23/2013,Theft,Desktop Computer,,,2013
NJ,Retail,1411,02/21/2014,Theft,Desktop Computer,,,2014
TX,Retail,7500,02/27/2014,Theft,Desktop Computer,,,2014
CA,Retail,9861,3/12/14,Theft,Desktop Computer,,,2014
NH,Retail,1208,05/21/2014,Theft,Desktop Computer,,,2014
CA,Retail,5845,6/6/14,Theft,Desktop Computer,,,2014
CA,Retail,5471,06/20/2014,Theft,Desktop Computer,,,2014
CA,Retail,2780,07/16/2014,Theft,Desktop Computer,,,2014
FL,Retail,948,08/26/2014,Theft,Desktop Computer,,,2014
PA,Retail,3780,9/5/14,Theft,Desktop Computer,,,2014
TX,Retail,810,10/8/14,Theft,Desktop Computer,,,2014
CA,Retail,1030,1/12/15,Theft,Desktop Computer,,,2015
TX,website,500,04/22/2015,Theft,Desktop Computer,,,2015
PA,Retail,1551,05/15/2015,Theft,Desktop Computer,,,2015
CA,Financial,1500,11/29/2012,Theft,Desktop Computer,,,2012
MA,Retail,942,3/7/11,Unauthorized Access/Disclosure,Desktop Computer,,,2011
AK,Retail,2743,3/3/12,Unauthorized Access/Disclosure,Desktop Computer,,,2012
NC,Retail,9953,06/25/2012,Unauthorized Access/Disclosure,Desktop Computer,,,2012
FL,Retail,877,6/11/13,Unauthorized Access/Disclosure,Desktop Computer,,,2013
TX,website,21000,07/16/2013,Unauthorized Access/Disclosure,Desktop Computer,,,2013
LA,Retail,6994,07/22/2013,Unauthorized Access/Disclosure,Desktop Computer,,,2013
FL,Retail,960,10/17/2013,Unauthorized Access/Disclosure,Desktop Computer,,,2013
FL,Retail,4400,12/9/13,Unauthorized Access/Disclosure,Desktop Computer,,,2013
FL,Retail,2354,12/23/2013,Unauthorized Access/Disclosure,Desktop Computer,,,2013
NY,Retail,26162,05/23/2014,Unauthorized Access/Disclosure,Desktop Computer,,,2014
TX,Retail,10604,08/29/2014,Unauthorized Access/Disclosure,Desktop Computer,,,2014
IL,Retail,632,05/19/2015,Unauthorized Access/Disclosure,Desktop Computer,,,2015
PR,Retail,2621,02/22/2011,Other,Desktop Computer,,,2011